# Restored from the tracked GLB source
mtllib character-female-f.mtl

usemtl colormap
v 0.02974591 0.0825 0.02000001
v 0.03974599 0.17625 0.02000001
v 0.05474595 0.0825 0.04500005
v 0.06474604 0.17625 0.04500005
v 0.1011209 0.17625 -0.1024999
v 0.111121 0.0825 -0.1024999
v 0.1261209 0.17625 -0.0774999
v 0.136121 0.0825 -0.0774999
v 0.05474595 0.0825 -0.1024999
v 0.111121 0.0825 -0.1024999
v 0.06474604 0.17625 -0.1024999
v 0.1011209 0.17625 -0.1024999
v 0.111121 0.0825 0.04500005
v 0.05474595 0.0825 0.04500005
v 0.1011209 0.17625 0.04500005
v 0.06474604 0.17625 0.04500005
v 0.1261209 0.17625 -0.0774999
v 0.1261209 0.17625 0.02000001
v 0.1011209 0.17625 -0.1024999
v 0.1011209 0.17625 0.04500005
v 0.06474604 0.17625 -0.1024999
v 0.06474604 0.17625 0.04500005
v 0.03974599 0.17625 -0.0774999
v 0.03974599 0.17625 0.02000001
v 0.05474595 0.0825 -0.1024999
v 0.06474604 0.17625 -0.1024999
v 0.02974591 0.0825 -0.0774999
v 0.03974599 0.17625 -0.0774999
v 0.02974591 0.0825 -0.0774999
v 0.03974599 0.17625 -0.0774999
v 0.02974591 0.0825 0.02000001
v 0.03974599 0.17625 0.02000001
v 0.1261209 0.17625 0.02000001
v 0.136121 0.0825 0.02000001
v 0.1011209 0.17625 0.04500005
v 0.111121 0.0825 0.04500005
v 0.1261209 0.17625 -0.0774999
v 0.136121 0.0825 -0.0774999
v 0.1261209 0.17625 0.02000001
v 0.136121 0.0825 0.02000001
v 0.01038573 0.08567649 -0.09763793
v 0.01038573 0.1200968 0.03082062
v 0.01038573 0.04124388 -0.08573231
v 0.01038573 0.07566418 0.04272624
v 0.1554812 0.08567649 -0.09763793
v 0.1554812 0.04124388 -0.08573231
v 0.1554812 0.1200968 0.03082062
v 0.1554812 0.07566418 0.04272624
v 0.1213813 0.08449008 0.0756643
v 0.04448562 0.08449008 0.0756643
v 0.1213813 0.1289225 0.06375869
v 0.04448562 0.1289225 0.06375869
v 0.1213813 0.07685079 -0.130576
v 0.1213813 0.03241818 -0.1186704
v 0.1554812 0.08567649 -0.09763793
v 0.1554812 0.04124388 -0.08573231
v 0.1554812 0.07566418 0.04272624
v 0.1554812 0.04124388 -0.08573231
v 0.1213813 0.08449008 0.0756643
v 0.1213813 0.03241818 -0.1186704
v 0.04448562 0.08449008 0.0756643
v 0.04448562 0.03241818 -0.1186704
v 0.01038573 0.07566418 0.04272624
v 0.01038573 0.04124388 -0.08573231
v 0.04448562 0.07685079 -0.130576
v 0.01038573 0.08567649 -0.09763793
v 0.04448562 0.03241818 -0.1186704
v 0.01038573 0.04124388 -0.08573231
v 0.04448562 0.03241818 -0.1186704
v 0.1213813 0.03241818 -0.1186704
v 0.04448562 0.07685079 -0.130576
v 0.1213813 0.07685079 -0.130576
v 0.1554812 0.1200968 0.03082062
v 0.1554812 0.07566418 0.04272624
v 0.1213813 0.1289225 0.06375869
v 0.1213813 0.08449008 0.0756643
v 0.01038573 0.1200968 0.03082062
v 0.04448562 0.1289225 0.06375869
v 0.01038573 0.07566418 0.04272624
v 0.04448562 0.08449008 0.0756643
v 0.1554812 0.08567649 -0.09763793
v 0.1554812 0.1200968 0.03082062
v 0.1213813 0.07685079 -0.130576
v 0.1213813 0.1289225 0.06375869
v 0.04448562 0.07685079 -0.130576
v 0.04448562 0.1289225 0.06375869
v 0.01038573 0.08567649 -0.09763793
v 0.01038573 0.1200968 0.03082062
v -0.03974602 0.17625 -0.0774999
v -0.03974602 0.17625 0.02000001
v -0.06474606 0.17625 -0.1024999
v -0.06474606 0.17625 0.04500005
v -0.1011209 0.17625 -0.1024999
v -0.1011209 0.17625 0.04500005
v -0.126121 0.17625 -0.0774999
v -0.126121 0.17625 0.02000001
v -0.05474598 0.0825 0.04500005
v -0.111121 0.0825 0.04500005
v -0.06474606 0.17625 0.04500005
v -0.1011209 0.17625 0.04500005
v -0.06474606 0.17625 -0.1024999
v -0.05474598 0.0825 -0.1024999
v -0.03974602 0.17625 -0.0774999
v -0.02974594 0.0825 -0.0774999
v -0.03974602 0.17625 -0.0774999
v -0.02974594 0.0825 -0.0774999
v -0.03974602 0.17625 0.02000001
v -0.02974594 0.0825 0.02000001
v -0.111121 0.0825 -0.1024999
v -0.1011209 0.17625 -0.1024999
v -0.136121 0.0825 -0.0774999
v -0.126121 0.17625 -0.0774999
v -0.136121 0.0825 0.02000001
v -0.126121 0.17625 0.02000001
v -0.111121 0.0825 0.04500005
v -0.1011209 0.17625 0.04500005
v -0.03974602 0.17625 0.02000001
v -0.02974594 0.0825 0.02000001
v -0.06474606 0.17625 0.04500005
v -0.05474598 0.0825 0.04500005
v -0.136121 0.0825 -0.0774999
v -0.126121 0.17625 -0.0774999
v -0.136121 0.0825 0.02000001
v -0.126121 0.17625 0.02000001
v -0.111121 0.0825 -0.1024999
v -0.05474598 0.0825 -0.1024999
v -0.1011209 0.17625 -0.1024999
v -0.06474606 0.17625 -0.1024999
v -0.01038576 0.08567649 -0.09763793
v -0.01038576 0.1200968 0.03082062
v -0.04448565 0.07685079 -0.130576
v -0.04448565 0.1289225 0.06375869
v -0.1213813 0.07685079 -0.130576
v -0.1213813 0.1289225 0.06375869
v -0.1554812 0.08567649 -0.09763793
v -0.1554812 0.1200968 0.03082062
v -0.04448565 0.08449008 0.0756643
v -0.1213813 0.08449008 0.0756643
v -0.04448565 0.1289225 0.06375869
v -0.1213813 0.1289225 0.06375869
v -0.04448565 0.07685079 -0.130576
v -0.04448565 0.03241818 -0.1186704
v -0.01038576 0.08567649 -0.09763793
v -0.01038576 0.04124388 -0.08573231
v -0.01038576 0.1200968 0.03082062
v -0.01038576 0.07566418 0.04272624
v -0.04448565 0.1289225 0.06375869
v -0.04448565 0.08449008 0.0756643
v -0.1213813 0.07685079 -0.130576
v -0.1554812 0.08567649 -0.09763793
v -0.1213813 0.03241818 -0.1186704
v -0.1554812 0.04124388 -0.08573231
v -0.1213813 0.03241818 -0.1186704
v -0.04448565 0.03241818 -0.1186704
v -0.1213813 0.07685079 -0.130576
v -0.04448565 0.07685079 -0.130576
v -0.01038576 0.07566418 0.04272624
v -0.01038576 0.04124388 -0.08573231
v -0.04448565 0.08449008 0.0756643
v -0.04448565 0.03241818 -0.1186704
v -0.1213813 0.08449008 0.0756643
v -0.1213813 0.03241818 -0.1186704
v -0.1554812 0.07566418 0.04272624
v -0.1554812 0.04124388 -0.08573231
v -0.1554812 0.08567649 -0.09763793
v -0.1554812 0.1200968 0.03082062
v -0.1554812 0.04124388 -0.08573231
v -0.1554812 0.07566418 0.04272624
v -0.01038576 0.08567649 -0.09763793
v -0.01038576 0.04124388 -0.08573231
v -0.01038576 0.1200968 0.03082062
v -0.01038576 0.07566418 0.04272624
v -0.1554812 0.1200968 0.03082062
v -0.1213813 0.1289225 0.06375869
v -0.1554812 0.07566418 0.04272624
v -0.1213813 0.08449008 0.0756643
v 0.08293336 0.08999996 0.0525
v 0.08293336 0.05750005 0.1025
v 0.03767392 0.05750005 0.08803745
v 0.08293336 0.08999996 0.0525
v 0.128193 0.05750005 0.08803745
v 0.08293336 0.05750005 0.1025
v 0.04798086 0.05750005 -0.1025
v 0.08293336 0.08999996 -0.07750001
v 0.01698086 0.05750005 -0.07750001
v 0.1488858 0.05750005 0.0525
v 0.128193 0.05750005 0.08803745
v 0.08293336 0.08999996 0.0525
v 0.1178861 0.05750005 -0.1025
v 0.1488858 0.05750005 -0.07750001
v 0.08293336 0.08999996 -0.07750001
v 0.08293336 0.08999996 0.0525
v 0.03767392 0.05750005 0.08803745
v 0.01698086 0.05750005 0.0525
v 0.04798086 0.05750005 -0.1025
v 0.1178861 0.05750005 -0.1025
v 0.08293336 0.08999996 -0.07750001
v 0.128193 0.02875011 0.08803745
v 0.08293336 0.02875011 0.1025
v 0.128193 0.05750005 0.08803745
v 0.08293336 0.05750005 0.1025
v 0.1488858 0.05750005 -0.07750001
v 0.1488858 0.05750005 0.0525
v 0.08293336 0.08999996 -0.07750001
v 0.08293336 0.08999996 0.0525
v 0.08293336 0.08999996 -0.07750001
v 0.08293336 0.08999996 0.0525
v 0.01698086 0.05750005 -0.07750001
v 0.01698086 0.05750005 0.0525
v 0.01698086 0.02875011 -0.07750001
v 0.01698086 0.05750005 -0.07750001
v 0.01698086 0.02875011 0.0525
v 0.01698086 0.05750005 0.0525
v 0.01698086 0.02875011 -0.07750001
v 0.04798086 0.02875011 -0.1025
v 0.01698086 0.05750005 -0.07750001
v 0.04798086 0.05750005 -0.1025
v 0.1178861 0.02875011 -0.1025
v 0.1488858 0.02875011 -0.07750001
v 0.1178861 0.05750005 -0.1025
v 0.1488858 0.05750005 -0.07750001
v 0.04798086 0.02875011 -0.1025
v 0.1178861 0.02875011 -0.1025
v 0.04798086 0.05750005 -0.1025
v 0.1178861 0.05750005 -0.1025
v 0.08293336 0.02875011 0.1025
v 0.03767392 0.02875011 0.08803745
v 0.08293336 0.05750005 0.1025
v 0.03767392 0.05750005 0.08803745
v 0.1488858 0.05750005 0.0525
v 0.1488858 0.02875011 0.0525
v 0.128193 0.05750005 0.08803745
v 0.128193 0.02875011 0.08803745
v 0.01698086 0.02875011 0.0525
v 0.01698086 0.05750005 0.0525
v 0.03767392 0.02875011 0.08803745
v 0.03767392 0.05750005 0.08803745
v 0.1488858 0.05750005 -0.07750001
v 0.1488858 0.02875011 -0.07750001
v 0.1488858 0.05750005 0.0525
v 0.1488858 0.02875011 0.0525
v -0.04798089 0.05750005 -0.1024999
v -0.01698109 0.05750005 -0.07749989
v -0.08293358 0.08999996 -0.07749989
v -0.1178861 0.05750005 -0.1024999
v -0.08293358 0.08999996 -0.07749989
v -0.1488861 0.05750005 -0.07749989
v -0.1178861 0.05750005 -0.1024999
v -0.04798089 0.05750005 -0.1024999
v -0.08293358 0.08999996 -0.07749989
v -0.01698109 0.05750005 0.05250012
v -0.03767395 0.05750005 0.08803757
v -0.08293358 0.08999996 0.05250012
v -0.08293358 0.08999996 0.05250012
v -0.08293358 0.05750005 0.1025001
v -0.128193 0.05750005 0.08803757
v -0.08293358 0.08999996 0.05250012
v -0.128193 0.05750005 0.08803757
v -0.1488861 0.05750005 0.05250012
v -0.08293358 0.08999996 0.05250012
v -0.03767395 0.05750005 0.08803757
v -0.08293358 0.05750005 0.1025001
v -0.04798089 0.02875011 -0.1024999
v -0.01698109 0.02875011 -0.07749989
v -0.04798089 0.05750005 -0.1024999
v -0.01698109 0.05750005 -0.07749989
v -0.01698109 0.05750005 -0.07749989
v -0.01698109 0.02875011 -0.07749989
v -0.01698109 0.05750005 0.05250012
v -0.01698109 0.02875011 0.05250012
v -0.1178861 0.02875011 -0.1024999
v -0.04798089 0.02875011 -0.1024999
v -0.1178861 0.05750005 -0.1024999
v -0.04798089 0.05750005 -0.1024999
v -0.1488861 0.02875011 -0.07749989
v -0.1488861 0.05750005 -0.07749989
v -0.1488861 0.02875011 0.05250012
v -0.1488861 0.05750005 0.05250012
v -0.1488861 0.02875011 -0.07749989
v -0.1178861 0.02875011 -0.1024999
v -0.1488861 0.05750005 -0.07749989
v -0.1178861 0.05750005 -0.1024999
v -0.1488861 0.02875011 0.05250012
v -0.1488861 0.05750005 0.05250012
v -0.128193 0.02875011 0.08803757
v -0.128193 0.05750005 0.08803757
v -0.01698109 0.05750005 0.05250012
v -0.01698109 0.02875011 0.05250012
v -0.03767395 0.05750005 0.08803757
v -0.03767395 0.02875011 0.08803757
v -0.03767395 0.02875011 0.08803757
v -0.08293358 0.02875011 0.1025001
v -0.03767395 0.05750005 0.08803757
v -0.08293358 0.05750005 0.1025001
v -0.08293358 0.02875011 0.1025001
v -0.128193 0.02875011 0.08803757
v -0.08293358 0.05750005 0.1025001
v -0.128193 0.05750005 0.08803757
v -0.01698109 0.05750005 -0.07749989
v -0.01698109 0.05750005 0.05250012
v -0.08293358 0.08999996 -0.07749989
v -0.08293358 0.08999996 0.05250012
v -0.08293358 0.08999996 -0.07749989
v -0.08293358 0.08999996 0.05250012
v -0.1488861 0.05750005 -0.07749989
v -0.1488861 0.05750005 0.05250012
v 0.138993 1.043081e-07 0.04462492
v 0.138993 1.043081e-07 -0.06587498
v 0.1214041 1.043081e-07 0.07483178
v 0.112643 1.043081e-07 -0.08712503
v 0.08293336 1.043081e-07 0.08712503
v 0.05322387 1.043081e-07 -0.08712503
v 0.04446278 1.043081e-07 0.07483178
v 0.02687392 1.043081e-07 -0.06587498
v 0.02687392 1.043081e-07 0.04462492
v 0.138993 1.043081e-07 0.04462492
v 0.1488858 0.02875005 0.0525
v 0.138993 1.043081e-07 -0.06587498
v 0.1214041 1.043081e-07 0.07483178
v 0.1488858 0.02875005 -0.07750001
v 0.128193 0.02875005 0.08803745
v 0.1178861 0.02875005 -0.1025
v 0.08293336 1.043081e-07 0.08712503
v 0.112643 1.043081e-07 -0.08712503
v 0.08293336 0.02875005 0.1025
v 0.04798086 0.02875005 -0.1025
v 0.05322387 1.043081e-07 -0.08712503
v 0.01698086 0.02875005 -0.07750001
v 0.02687392 1.043081e-07 -0.06587498
v 0.04446278 1.043081e-07 0.07483178
v 0.03767392 0.02875005 0.08803745
v 0.01698086 0.02875005 0.0525
v 0.02687392 1.043081e-07 0.04462492
v -0.02687395 1.043081e-07 0.04462504
v -0.02687395 1.043081e-07 -0.06587486
v -0.04446281 1.043081e-07 0.0748319
v -0.0532239 1.043081e-07 -0.08712491
v -0.08293358 1.043081e-07 0.08712515
v -0.1126431 1.043081e-07 -0.08712491
v -0.1214042 1.043081e-07 0.0748319
v -0.138993 1.043081e-07 -0.06587486
v -0.138993 1.043081e-07 0.04462504
v -0.138993 1.043081e-07 0.04462504
v -0.138993 1.043081e-07 -0.06587486
v -0.1488861 0.02875005 0.05250012
v -0.1214042 1.043081e-07 0.0748319
v -0.1488861 0.02875005 -0.07749989
v -0.128193 0.02875005 0.08803757
v -0.1126431 1.043081e-07 -0.08712491
v -0.08293358 0.02875005 0.1025001
v -0.1178861 0.02875005 -0.1024999
v -0.08293358 1.043081e-07 0.08712515
v -0.0532239 1.043081e-07 -0.08712491
v -0.03767395 0.02875005 0.08803757
v -0.04798089 0.02875005 -0.1024999
v -0.04446281 1.043081e-07 0.0748319
v -0.02687395 1.043081e-07 -0.06587486
v -0.01698109 0.02875005 -0.07749989
v -0.01698109 0.02875005 0.05250012
v -0.02687395 1.043081e-07 0.04462504
v 0.1172925 0.2146832 -0.1534735
v 0.1172925 0.1762501 -0.1534735
v 0.1405425 0.2146832 -0.1302235
v 0.1405425 0.1762501 -0.1302235
v 0.1405425 0.1762501 0.07272359
v 0.1405425 0.1762501 -0.1302235
v 0.1172925 0.1762501 0.09597357
v 0.1172925 0.1762501 -0.1534735
v -0.1172925 0.1762501 0.09597357
v -0.1172925 0.1762501 -0.1534735
v -0.1405425 0.1762501 0.07272359
v -0.1405425 0.1762501 -0.1302235
v 0.1172925 0.1762501 0.09597357
v -0.1172925 0.1762501 0.09597357
v 0.1172925 0.2146832 0.09597357
v -0.1172925 0.2146832 0.09597357
v -0.1405425 0.1762501 0.07272359
v -0.1405425 0.2146832 0.07272359
v -0.1172925 0.1762501 0.09597357
v -0.1172925 0.2146832 0.09597357
v -0.1405425 0.1762501 -0.1302235
v -0.1405425 0.2146832 -0.1302235
v -0.1405425 0.1762501 0.07272359
v -0.1405425 0.2146832 0.07272359
v 0.1405425 0.2146832 -0.1302235
v 0.1405425 0.2146832 0.07272359
v 0.1172925 0.2146832 -0.1534735
v 0.1172925 0.2146832 0.09597357
v -0.1172925 0.2146832 -0.1534735
v -0.1172925 0.2146832 0.09597357
v -0.1405425 0.2146832 -0.1302235
v -0.1405425 0.2146832 0.07272359
v 0.1405425 0.2146832 -0.1302235
v 0.1405425 0.1762501 -0.1302235
v 0.1405425 0.2146832 0.07272359
v 0.1405425 0.1762501 0.07272359
v -0.1172925 0.1762501 -0.1534735
v 0.1172925 0.1762501 -0.1534735
v -0.1172925 0.2146832 -0.1534735
v 0.1172925 0.2146832 -0.1534735
v -0.1172925 0.1762501 -0.1534735
v -0.1172925 0.2146832 -0.1534735
v -0.1405425 0.1762501 -0.1302235
v -0.1405425 0.2146832 -0.1302235
v 0.1405425 0.2146832 0.07272359
v 0.1405425 0.1762501 0.07272359
v 0.1172925 0.2146832 0.09597357
v 0.1172925 0.1762501 0.09597357
v 0.09989684 0.2146832 0.09597345
v 0.09989684 0.2146832 -0.1534734
v 0.05137553 0.2146832 0.09597345
v 0.05137553 0.2146832 -0.1534734
v 0.09989684 0.36325 -0.1313612
v 0.09989684 0.36325 0.09686133
v 0.05137553 0.36325 -0.1313612
v 0.05137553 0.36325 0.09686133
v 0.05137553 0.2146832 -0.1534734
v 0.05137553 0.36325 -0.1313612
v 0.05137553 0.2146832 0.09597345
v 0.05137553 0.36325 0.09686133
v 0.05137553 0.2629779 0.1103598
v 0.05137553 0.2146832 -0.1534734
v 0.09989684 0.2146832 -0.1534734
v 0.05137553 0.36325 -0.1313612
v 0.09989684 0.36325 -0.1313612
v 0.09989684 0.2629779 0.1103598
v 0.05137553 0.2629779 0.1103598
v 0.09989684 0.36325 0.09686133
v 0.05137553 0.36325 0.09686133
v 0.09989684 0.2146832 -0.1534734
v 0.09989684 0.2146832 0.09597345
v 0.09989684 0.36325 -0.1313612
v 0.09989684 0.36325 0.09686133
v 0.09989684 0.2629779 0.1103598
v 0.09989684 0.2146832 0.09597345
v 0.05137553 0.2146832 0.09597345
v 0.09989684 0.2629779 0.1103598
v 0.05137553 0.2629779 0.1103598
v -0.05137558 0.2146832 0.09597345
v -0.05137558 0.2146832 -0.1534734
v -0.09989689 0.2146832 0.09597345
v -0.09989689 0.2146832 -0.1534734
v -0.05137558 0.36325 -0.1313612
v -0.05137558 0.36325 0.09686133
v -0.09989689 0.36325 -0.1313612
v -0.09989689 0.36325 0.09686133
v -0.09989689 0.2146832 -0.1534734
v -0.09989689 0.36325 -0.1313612
v -0.09989689 0.2146832 0.09597345
v -0.09989689 0.36325 0.09686133
v -0.09989689 0.2629779 0.1103598
v -0.09989689 0.2146832 -0.1534734
v -0.05137558 0.2146832 -0.1534734
v -0.09989689 0.36325 -0.1313612
v -0.05137558 0.36325 -0.1313612
v -0.05137558 0.2629779 0.1103598
v -0.09989689 0.2629779 0.1103598
v -0.05137558 0.36325 0.09686133
v -0.09989689 0.36325 0.09686133
v -0.05137558 0.2146832 -0.1534734
v -0.05137558 0.2146832 0.09597345
v -0.05137558 0.36325 -0.1313612
v -0.05137558 0.36325 0.09686133
v -0.05137558 0.2629779 0.1103598
v -0.05137558 0.2146832 0.09597345
v -0.09989689 0.2146832 0.09597345
v -0.05137558 0.2629779 0.1103598
v -0.09989689 0.2629779 0.1103598
v 0.341329 0.2335764 -0.02256555
v 0.3359597 0.2211501 -0.01135907
v 0.341329 0.3419237 -0.02256555
v 0.3359597 0.35435 -0.01135907
v 0.2891445 0.2211501 0.08635198
v 0.2891445 0.35435 0.08635198
v 0.2837752 0.2335764 0.09755845
v 0.2837752 0.3419237 0.09755845
v 0.2962375 0.2335764 -0.0441699
v 0.2962375 0.3419237 -0.0441699
v 0.2908681 0.2211501 -0.03296342
v 0.2908681 0.35435 -0.03296342
v 0.2440529 0.2211501 0.06474763
v 0.2440529 0.35435 0.06474763
v 0.2386836 0.2335764 0.07595411
v 0.2386836 0.3419237 0.07595411
v 0.341329 0.3419237 -0.02256555
v 0.3359597 0.35435 -0.01135907
v 0.2962375 0.3419237 -0.0441699
v 0.2908681 0.35435 -0.03296342
v 0.2962375 0.2335764 -0.0441699
v 0.341329 0.2335764 -0.02256555
v 0.2962375 0.3419237 -0.0441699
v 0.341329 0.3419237 -0.02256555
v 0.341329 0.2335764 -0.02256555
v 0.2962375 0.2335764 -0.0441699
v 0.3359597 0.2211501 -0.01135907
v 0.2908681 0.2211501 -0.03296342
v 0.3359597 0.2211501 -0.01135907
v 0.2908681 0.2211501 -0.03296342
v 0.2891445 0.2211501 0.08635198
v 0.2440529 0.2211501 0.06474763
v 0.2891445 0.2211501 0.08635198
v 0.2440529 0.2211501 0.06474763
v 0.2837752 0.2335764 0.09755845
v 0.2386836 0.2335764 0.07595411
v 0.3359597 0.35435 -0.01135907
v 0.2891445 0.35435 0.08635198
v 0.2908681 0.35435 -0.03296342
v 0.2440529 0.35435 0.06474763
v 0.2891445 0.35435 0.08635198
v 0.2837752 0.3419237 0.09755845
v 0.2440529 0.35435 0.06474763
v 0.2386836 0.3419237 0.07595411
v 0.2386836 0.2335764 0.07595411
v 0.2386836 0.3419237 0.07595411
v 0.2837752 0.2335764 0.09755845
v 0.2837752 0.3419237 0.09755845
v 0.0747586 0.1946832 -0.1334733
v 0.0747586 0.1946832 -0.2134733
v -0.07496512 0.1946832 -0.1334733
v -0.07496512 0.1946832 -0.2134733
v 0.08989663 0.2896834 -0.2134733
v 0.09726518 0.2196834 -0.2134733
v 0.08989663 0.2896834 -0.1334733
v 0.09726518 0.2196834 -0.1334733
v -0.07496512 0.1946832 -0.2134733
v -0.09747171 0.2196834 -0.2134733
v -0.07496512 0.1946832 -0.1334733
v -0.09747171 0.2196834 -0.1334733
v 0.09726518 0.2196834 -0.2134733
v 0.0747586 0.1946832 -0.2134733
v 0.09726518 0.2196834 -0.1334733
v 0.0747586 0.1946832 -0.1334733
v 0.0747586 0.1946832 -0.1334733
v -0.07496512 0.1946832 -0.1334733
v 0.09726518 0.2196834 -0.1334733
v -0.09747171 0.2196834 -0.1334733
v 0.08989663 0.2896834 -0.1334733
v -0.09010316 0.2896834 -0.1334733
v 0.08252836 0.3596833 -0.1334733
v -0.08273489 0.3596833 -0.1334733
v 0.05475853 0.3846833 -0.1334733
v -0.05496505 0.3846833 -0.1334733
v -0.07496512 0.1946832 -0.2134733
v 0.0747586 0.1946832 -0.2134733
v -0.09747171 0.2196834 -0.2134733
v 0.09726518 0.2196834 -0.2134733
v -0.09010316 0.2896834 -0.2134733
v 0.08989663 0.2896834 -0.2134733
v -0.09747171 0.2196834 -0.2134733
v -0.09010316 0.2896834 -0.2134733
v -0.09747171 0.2196834 -0.1334733
v -0.09010316 0.2896834 -0.1334733
v -0.09010322 0.2896834 -0.2134733
v 0.08989676 0.2896834 -0.2134733
v -0.0827348 0.3596833 -0.2134733
v 0.08252835 0.3596833 -0.2134733
v -0.05496508 0.3846833 -0.2134733
v 0.05475863 0.3846833 -0.2134733
v 0.08252835 0.3596833 -0.2134733
v 0.08989676 0.2896834 -0.2134733
v 0.08252835 0.3596833 -0.1334733
v 0.08989676 0.2896834 -0.1334733
v -0.09010322 0.2896834 -0.2134733
v -0.0827348 0.3596833 -0.2134733
v -0.09010322 0.2896834 -0.1334733
v -0.0827348 0.3596833 -0.1334733
v 0.08252835 0.3596833 -0.2134733
v 0.08252835 0.3596833 -0.1334733
v 0.05475863 0.3846833 -0.2134733
v 0.05475863 0.3846833 -0.1334733
v 0.05475863 0.3846833 -0.2134733
v 0.05475863 0.3846833 -0.1334733
v -0.05496508 0.3846833 -0.2134733
v -0.05496508 0.3846833 -0.1334733
v -0.05496508 0.3846833 -0.2134733
v -0.05496508 0.3846833 -0.1334733
v -0.0827348 0.3596833 -0.2134733
v -0.0827348 0.3596833 -0.1334733
v -0.372641 0.23225 0.01622757
v -0.3771153 0.2426054 0.006888531
v -0.3835841 0.2477515 0.02717686
v -0.3291537 0.2426054 0.1069919
v -0.3336284 0.23225 0.09765324
v -0.3490186 0.2477515 0.09932074
v -0.3771153 0.3328946 0.006888531
v -0.372641 0.34325 0.01622757
v -0.3835841 0.3277484 0.02717686
v -0.3291537 0.3328946 0.1069919
v -0.3490186 0.3277484 0.09932074
v -0.3336284 0.34325 0.09765324
v -0.1901525 0.23225 0.02891133
v -0.2291655 0.23225 -0.05251466
v -0.3336284 0.23225 0.09765324
v -0.372641 0.23225 0.01622757
v -0.3336284 0.23225 0.09765324
v -0.372641 0.23225 0.01622757
v -0.3490186 0.2477515 0.09932074
v -0.3835841 0.2477515 0.02717686
v -0.2291655 0.34325 -0.05251466
v -0.372641 0.34325 0.01622757
v -0.2336398 0.3328946 -0.06185338
v -0.3771153 0.3328946 0.006888531
v -0.3835841 0.2477515 0.02717686
v -0.3835841 0.3277484 0.02717686
v -0.3490186 0.2477515 0.09932074
v -0.3490186 0.3277484 0.09932074
v -0.1856782 0.2426054 0.03825004
v -0.3291537 0.2426054 0.1069919
v -0.1856782 0.3328946 0.03825004
v -0.3291537 0.3328946 0.1069919
v -0.3291537 0.2426054 0.1069919
v -0.3490186 0.2477515 0.09932074
v -0.3291537 0.3328946 0.1069919
v -0.3490186 0.3277484 0.09932074
v -0.1856782 0.2426054 0.03825004
v -0.1901525 0.23225 0.02891133
v -0.3291537 0.2426054 0.1069919
v -0.3336284 0.23225 0.09765324
v -0.3771153 0.2426054 0.006888531
v -0.3771153 0.3328946 0.006888531
v -0.3835841 0.2477515 0.02717686
v -0.3835841 0.3277484 0.02717686
v -0.2291655 0.23225 -0.05251466
v -0.2336398 0.2426054 -0.06185338
v -0.372641 0.23225 0.01622757
v -0.3771153 0.2426054 0.006888531
v -0.2336398 0.2426054 -0.06185338
v -0.2336398 0.3328946 -0.06185338
v -0.3771153 0.2426054 0.006888531
v -0.3771153 0.3328946 0.006888531
v -0.1901525 0.34325 0.02891133
v -0.3336284 0.34325 0.09765324
v -0.2291655 0.34325 -0.05251466
v -0.372641 0.34325 0.01622757
v -0.3336284 0.34325 0.09765324
v -0.3490186 0.3277484 0.09932074
v -0.372641 0.34325 0.01622757
v -0.3835841 0.3277484 0.02717686
v -0.1856782 0.3328946 0.03825004
v -0.3291537 0.3328946 0.1069919
v -0.1901525 0.34325 0.02891133
v -0.3336284 0.34325 0.09765324
v 0.3490186 0.3277487 0.09932074
v 0.3291539 0.3328948 0.1069921
v 0.3336281 0.34325 0.09765336
v 0.3726411 0.34325 0.01622737
v 0.3771153 0.3328948 0.006888654
v 0.3835841 0.3277487 0.02717668
v 0.3771153 0.2426055 0.006888654
v 0.3726411 0.2322498 0.01622737
v 0.3835841 0.2477516 0.02717668
v 0.3336281 0.2322498 0.09765336
v 0.3291539 0.2426055 0.1069921
v 0.3490186 0.2477516 0.09932074
v 0.3771153 0.2426055 0.006888654
v 0.3835841 0.2477516 0.02717668
v 0.3771153 0.3328948 0.006888654
v 0.3835841 0.3277487 0.02717668
v 0.3835841 0.2477516 0.02717668
v 0.3726411 0.2322498 0.01622737
v 0.3490186 0.2477516 0.09932074
v 0.3336281 0.2322498 0.09765336
v 0.3336281 0.34325 0.09765336
v 0.3291539 0.3328948 0.1069921
v 0.1901527 0.34325 0.02891137
v 0.185678 0.3328948 0.03825009
v 0.3726411 0.2322498 0.01622737
v 0.2291652 0.2322498 -0.05251461
v 0.3336281 0.2322498 0.09765336
v 0.1901527 0.2322498 0.02891137
v 0.3726411 0.34325 0.01622737
v 0.3336281 0.34325 0.09765336
v 0.2291652 0.34325 -0.05251461
v 0.1901527 0.34325 0.02891137
v 0.3771153 0.3328948 0.006888654
v 0.3726411 0.34325 0.01622737
v 0.2336399 0.3328948 -0.06185332
v 0.2291652 0.34325 -0.05251461
v 0.3835841 0.3277487 0.02717668
v 0.3490186 0.3277487 0.09932074
v 0.3726411 0.34325 0.01622737
v 0.3336281 0.34325 0.09765336
v 0.185678 0.2426055 0.03825009
v 0.185678 0.3328948 0.03825009
v 0.3291539 0.2426055 0.1069921
v 0.3291539 0.3328948 0.1069921
v 0.3291539 0.2426055 0.1069921
v 0.3291539 0.3328948 0.1069921
v 0.3490186 0.2477516 0.09932074
v 0.3490186 0.3277487 0.09932074
v 0.3336281 0.2322498 0.09765336
v 0.1901527 0.2322498 0.02891137
v 0.3291539 0.2426055 0.1069921
v 0.185678 0.2426055 0.03825009
v 0.3771153 0.2426055 0.006888654
v 0.2336399 0.2426055 -0.06185332
v 0.3726411 0.2322498 0.01622737
v 0.2291652 0.2322498 -0.05251461
v 0.2336399 0.2426055 -0.06185332
v 0.3771153 0.2426055 0.006888654
v 0.2336399 0.3328948 -0.06185332
v 0.3771153 0.3328948 0.006888654
v 0.3835841 0.2477516 0.02717668
v 0.3490186 0.2477516 0.09932074
v 0.3835841 0.3277487 0.02717668
v 0.3490186 0.3277487 0.09932074
v 6.254803e-08 0.2731833 0.08036131
v -0.06558631 0.34325 0.08036131
v 0.06558631 0.34325 0.08036131
v -0.09989695 0.23225 0.03825004
v -0.09989695 0.23225 -0.07274994
v -0.1733396 0.23225 0.03825004
v -0.2108969 0.23225 -0.07274994
v -0.09989695 0.34325 -0.07274994
v -0.09989695 0.34325 0.03825004
v -0.2108969 0.34325 -0.07274994
v -0.1733396 0.34325 0.03825004
v -0.1733396 0.23225 0.03825004
v -0.1733396 0.34325 0.03825004
v -0.09989695 0.23225 0.03825004
v -0.09989695 0.34325 0.03825004
v -0.2108969 0.23225 -0.07274994
v -0.09989695 0.23225 -0.07274994
v -0.2108969 0.34325 -0.07274994
v -0.09989695 0.34325 -0.07274994
v -0.09989695 0.34325 -0.07274994
v -0.09989695 0.23225 -0.07274994
v -0.09989695 0.34325 0.03825004
v -0.09989695 0.23225 0.03825004
v -0.2379991 0.1992 -0.06071753
v -0.1761226 0.2072499 -0.07223145
v -0.2453942 0.2267 -0.08720428
v -0.1828457 0.23225 -0.09631044
v -0.2453942 0.2267 -0.08720428
v -0.1828457 0.23225 -0.09631044
v -0.2453942 0.3488001 -0.08720428
v -0.1828457 0.34325 -0.09631044
v -0.1395496 0.34325 0.05875863
v -0.1977686 0.3488001 0.08337171
v -0.1462724 0.3682501 0.03467965
v -0.205164 0.3763 0.05688471
v -0.1828457 0.34325 -0.09631044
v -0.1761226 0.3682501 -0.07223145
v -0.2453942 0.3488001 -0.08720428
v -0.2379991 0.3763 -0.06071753
v -0.1462724 0.3682501 0.03467965
v -0.205164 0.3763 0.05688471
v -0.1761226 0.3682501 -0.07223145
v -0.2379991 0.3763 -0.06071753
v -0.1462724 0.2072499 0.03467965
v -0.1761226 0.2072499 -0.07223145
v -0.205164 0.1992 0.05688471
v -0.2379991 0.1992 -0.06071753
v -0.2453942 0.2267 -0.08720428
v -0.2453942 0.3488001 -0.08720428
v -0.2379991 0.1992 -0.06071753
v -0.2379991 0.3763 -0.06071753
v -0.205164 0.1992 0.05688471
v -0.205164 0.3763 0.05688471
v -0.1977686 0.2267 0.08337171
v -0.1977686 0.3488001 0.08337171
v -0.1395496 0.23225 0.05875863
v -0.1462724 0.2072499 0.03467965
v -0.1977686 0.2267 0.08337171
v -0.205164 0.1992 0.05688471
v -0.1977686 0.2267 0.08337171
v -0.1977686 0.3488001 0.08337171
v -0.1395496 0.23225 0.05875863
v -0.1395496 0.34325 0.05875863
v -0.1828457 0.23225 -0.09631044
v -0.1761226 0.2072499 -0.07223145
v -0.1828457 0.34325 -0.09631044
v -0.1761226 0.3682501 -0.07223145
v -0.1462724 0.2072499 0.03467965
v -0.1462724 0.3682501 0.03467965
v -0.1395496 0.23225 0.05875863
v -0.1395496 0.34325 0.05875863
v 0.09989686 0.2322498 -0.07275011
v 0.09989686 0.34325 -0.07275011
v 0.09989686 0.2322498 0.03825009
v 0.09989686 0.34325 0.03825009
v 0.2108967 0.2322498 -0.07275011
v 0.09989686 0.2322498 -0.07275011
v 0.1733395 0.2322498 0.03825009
v 0.09989686 0.2322498 0.03825009
v 0.2108967 0.34325 -0.07275011
v 0.1733395 0.34325 0.03825009
v 0.09989686 0.34325 -0.07275011
v 0.09989686 0.34325 0.03825009
v 0.1733395 0.2322498 0.03825009
v 0.09989686 0.2322498 0.03825009
v 0.1733395 0.34325 0.03825009
v 0.09989686 0.34325 0.03825009
v 0.2108967 0.2322498 -0.07275011
v 0.2108967 0.34325 -0.07275011
v 0.09989686 0.2322498 -0.07275011
v 0.09989686 0.34325 -0.07275011
v 0.205164 0.3763 0.05688471
v 0.1977685 0.3488001 0.08337171
v 0.1462723 0.3682501 0.03467965
v 0.1395495 0.34325 0.05875863
v 0.1828456 0.23225 -0.09631044
v 0.1828456 0.34325 -0.09631044
v 0.1761225 0.2072499 -0.07223145
v 0.1761225 0.3682501 -0.07223145
v 0.1462723 0.2072499 0.03467965
v 0.1462723 0.3682501 0.03467965
v 0.1395495 0.23225 0.05875863
v 0.1395495 0.34325 0.05875863
v 0.2379991 0.1992 -0.06071753
v 0.2453942 0.2267 -0.08720428
v 0.1761225 0.2072499 -0.07223145
v 0.1828456 0.23225 -0.09631044
v 0.1977685 0.2267 0.08337171
v 0.1395495 0.23225 0.05875863
v 0.1977685 0.3488001 0.08337171
v 0.1395495 0.34325 0.05875863
v 0.2453942 0.2267 -0.08720428
v 0.2453942 0.3488001 -0.08720428
v 0.1828456 0.23225 -0.09631044
v 0.1828456 0.34325 -0.09631044
v 0.1828456 0.34325 -0.09631044
v 0.2453942 0.3488001 -0.08720428
v 0.1761225 0.3682501 -0.07223145
v 0.2379991 0.3763 -0.06071753
v 0.2379991 0.3763 -0.06071753
v 0.205164 0.3763 0.05688471
v 0.1761225 0.3682501 -0.07223145
v 0.1462723 0.3682501 0.03467965
v 0.2379991 0.1992 -0.06071753
v 0.1761225 0.2072499 -0.07223145
v 0.205164 0.1992 0.05688471
v 0.1462723 0.2072499 0.03467965
v 0.2453942 0.2267 -0.08720428
v 0.2379991 0.1992 -0.06071753
v 0.2453942 0.3488001 -0.08720428
v 0.2379991 0.3763 -0.06071753
v 0.205164 0.1992 0.05688471
v 0.205164 0.3763 0.05688471
v 0.1977685 0.2267 0.08337171
v 0.1977685 0.3488001 0.08337171
v 0.205164 0.1992 0.05688471
v 0.1462723 0.2072499 0.03467965
v 0.1977685 0.2267 0.08337171
v 0.1395495 0.23225 0.05875863
v 0.126121 0.2531166 -0.137861
v 0.126121 0.1762501 -0.137861
v 0.126121 0.2531166 0.08036134
v 0.126121 0.1762501 0.08036134
v 0.126121 0.1762501 -0.137861
v 0.126121 0.2531166 -0.137861
v -0.1261209 0.1762501 -0.137861
v -0.1261209 0.2531166 -0.137861
v 0.126121 0.1762501 0.08036134
v -0.1261209 0.1762501 0.08036134
v 0.126121 0.2531166 0.08036134
v -0.1261209 0.2531166 0.08036134
v -9.449986e-08 0.2731833 0.08036134
v 0.09989683 0.34325 0.08036134
v 0.06558637 0.34325 0.08036134
v -0.09989673 0.34325 0.08036134
v -0.06558628 0.34325 0.08036134
v -0.1261209 0.1762501 -0.137861
v -0.1261209 0.2531166 -0.137861
v -0.1261209 0.1762501 0.08036134
v -0.1261209 0.2531166 0.08036134
v -0.1261209 0.2531166 -0.137861
v -0.09989673 0.34325 -0.1148611
v -0.1261209 0.2531166 0.08036134
v -0.09989673 0.34325 0.08036134
v 0.09989683 0.34325 -0.1148611
v 0.09989683 0.34325 0.08036134
v -0.09989673 0.34325 -0.1148611
v -0.09989673 0.34325 0.08036134
v -0.1261209 0.2531166 -0.137861
v 0.126121 0.2531166 -0.137861
v -0.09989673 0.34325 -0.1148611
v 0.09989683 0.34325 -0.1148611
v 0.126121 0.2531166 -0.137861
v 0.126121 0.2531166 0.08036134
v 0.09989683 0.34325 -0.1148611
v 0.09989683 0.34325 0.08036134
v 0.02489677 0.3046833 -0.2334733
v 0.02489677 0.2746833 -0.2334733
v 0.02489677 0.3146833 -0.2134733
v 0.02489677 0.2646833 -0.2134733
v 0.02489677 0.2646833 -0.2134733
v 0.02489677 0.2746833 -0.2334733
v -0.02510324 0.2646833 -0.2134733
v -0.02510324 0.2746833 -0.2334733
v -0.02510324 0.2746833 -0.2334733
v 0.02489677 0.2746833 -0.2334733
v -0.02510324 0.3046833 -0.2334733
v 0.02489677 0.3046833 -0.2334733
v 0.02489677 0.3046833 -0.2334733
v 0.02489677 0.3146833 -0.2134733
v -0.02510324 0.3046833 -0.2334733
v -0.02510324 0.3146833 -0.2134733
v -0.02510324 0.2746833 -0.2334733
v -0.02510324 0.3046833 -0.2334733
v -0.02510324 0.2646833 -0.2134733
v -0.02510324 0.3146833 -0.2134733
vt 0.71875 0.325
vt 0.71875 0.425
vt 0.71875 0.325
vt 0.71875 0.425
vt 0.71875 0.425
vt 0.71875 0.325
vt 0.71875 0.425
vt 0.71875 0.325
vt 0.71875 0.325
vt 0.71875 0.325
vt 0.71875 0.425
vt 0.71875 0.425
vt 0.71875 0.325
vt 0.71875 0.325
vt 0.71875 0.425
vt 0.71875 0.425
vt 0.71875 0.425
vt 0.71875 0.425
vt 0.71875 0.425
vt 0.71875 0.425
vt 0.71875 0.425
vt 0.71875 0.425
vt 0.71875 0.425
vt 0.71875 0.425
vt 0.71875 0.325
vt 0.71875 0.425
vt 0.71875 0.325
vt 0.71875 0.425
vt 0.71875 0.325
vt 0.71875 0.425
vt 0.71875 0.325
vt 0.71875 0.425
vt 0.71875 0.425
vt 0.71875 0.325
vt 0.71875 0.425
vt 0.71875 0.325
vt 0.71875 0.425
vt 0.71875 0.325
vt 0.71875 0.425
vt 0.71875 0.325
vt 0.71875 0.3801875
vt 0.71875 0.4158546
vt 0.71875 0.3341454
vt 0.71875 0.3698125
vt 0.71875 0.3801875
vt 0.71875 0.3341454
vt 0.71875 0.4158546
vt 0.71875 0.3698125
vt 0.71875 0.3789581
vt 0.71875 0.3789581
vt 0.71875 0.425
vt 0.71875 0.425
vt 0.71875 0.3710421
vt 0.71875 0.325
vt 0.71875 0.3801875
vt 0.71875 0.3341454
vt 0.71875 0.3698125
vt 0.71875 0.3341454
vt 0.71875 0.3789581
vt 0.71875 0.325
vt 0.71875 0.3789581
vt 0.71875 0.325
vt 0.71875 0.3698125
vt 0.71875 0.3341454
vt 0.71875 0.3710421
vt 0.71875 0.3801875
vt 0.71875 0.325
vt 0.71875 0.3341454
vt 0.71875 0.325
vt 0.71875 0.325
vt 0.71875 0.3710421
vt 0.71875 0.3710421
vt 0.71875 0.4158546
vt 0.71875 0.3698125
vt 0.71875 0.425
vt 0.71875 0.3789581
vt 0.71875 0.4158546
vt 0.71875 0.425
vt 0.71875 0.3698125
vt 0.71875 0.3789581
vt 0.71875 0.3801875
vt 0.71875 0.4158546
vt 0.71875 0.3710421
vt 0.71875 0.425
vt 0.71875 0.3710421
vt 0.71875 0.425
vt 0.71875 0.3801875
vt 0.71875 0.4158546
vt 0.71875 0.425
vt 0.71875 0.425
vt 0.71875 0.425
vt 0.71875 0.425
vt 0.71875 0.425
vt 0.71875 0.425
vt 0.71875 0.425
vt 0.71875 0.425
vt 0.71875 0.325
vt 0.71875 0.325
vt 0.71875 0.425
vt 0.71875 0.425
vt 0.71875 0.425
vt 0.71875 0.325
vt 0.71875 0.425
vt 0.71875 0.325
vt 0.71875 0.425
vt 0.71875 0.325
vt 0.71875 0.425
vt 0.71875 0.325
vt 0.71875 0.325
vt 0.71875 0.425
vt 0.71875 0.325
vt 0.71875 0.425
vt 0.71875 0.325
vt 0.71875 0.425
vt 0.71875 0.325
vt 0.71875 0.425
vt 0.71875 0.425
vt 0.71875 0.325
vt 0.71875 0.425
vt 0.71875 0.325
vt 0.71875 0.325
vt 0.71875 0.425
vt 0.71875 0.325
vt 0.71875 0.425
vt 0.71875 0.325
vt 0.71875 0.325
vt 0.71875 0.425
vt 0.71875 0.425
vt 0.71875 0.3801875
vt 0.71875 0.4158546
vt 0.71875 0.3710421
vt 0.71875 0.425
vt 0.71875 0.3710421
vt 0.71875 0.425
vt 0.71875 0.3801875
vt 0.71875 0.4158546
vt 0.71875 0.3789581
vt 0.71875 0.3789581
vt 0.71875 0.425
vt 0.71875 0.425
vt 0.71875 0.3710421
vt 0.71875 0.325
vt 0.71875 0.3801875
vt 0.71875 0.3341454
vt 0.71875 0.4158546
vt 0.71875 0.3698125
vt 0.71875 0.425
vt 0.71875 0.3789581
vt 0.71875 0.3710421
vt 0.71875 0.3801875
vt 0.71875 0.325
vt 0.71875 0.3341454
vt 0.71875 0.325
vt 0.71875 0.325
vt 0.71875 0.3710421
vt 0.71875 0.3710421
vt 0.71875 0.3698125
vt 0.71875 0.3341454
vt 0.71875 0.3789581
vt 0.71875 0.325
vt 0.71875 0.3789581
vt 0.71875 0.325
vt 0.71875 0.3698125
vt 0.71875 0.3341454
vt 0.71875 0.3801875
vt 0.71875 0.4158546
vt 0.71875 0.3341454
vt 0.71875 0.3698125
vt 0.71875 0.3801875
vt 0.71875 0.3341454
vt 0.71875 0.4158546
vt 0.71875 0.3698125
vt 0.71875 0.4158546
vt 0.71875 0.425
vt 0.71875 0.3698125
vt 0.71875 0.3789581
vt 0.96875 0.425
vt 0.96875 0.3719389
vt 0.96875 0.3719389
vt 0.96875 0.425
vt 0.96875 0.3719389
vt 0.96875 0.3719389
vt 0.96875 0.3719389
vt 0.96875 0.425
vt 0.96875 0.3719389
vt 0.96875 0.3719389
vt 0.96875 0.3719389
vt 0.96875 0.425
vt 0.96875 0.3719389
vt 0.96875 0.3719389
vt 0.96875 0.425
vt 0.96875 0.425
vt 0.96875 0.3719389
vt 0.96875 0.3719389
vt 0.96875 0.3719389
vt 0.96875 0.3719389
vt 0.96875 0.425
vt 0.96875 0.3250002
vt 0.96875 0.3250002
vt 0.96875 0.3719389
vt 0.96875 0.3719389
vt 0.96875 0.3719389
vt 0.96875 0.3719389
vt 0.96875 0.425
vt 0.96875 0.425
vt 0.96875 0.425
vt 0.96875 0.425
vt 0.96875 0.3719389
vt 0.96875 0.3719389
vt 0.96875 0.3250002
vt 0.96875 0.3719389
vt 0.96875 0.3250002
vt 0.96875 0.3719389
vt 0.96875 0.3250002
vt 0.96875 0.3250002
vt 0.96875 0.3719389
vt 0.96875 0.3719389
vt 0.96875 0.3250002
vt 0.96875 0.3250002
vt 0.96875 0.3719389
vt 0.96875 0.3719389
vt 0.96875 0.3250002
vt 0.96875 0.3250002
vt 0.96875 0.3719389
vt 0.96875 0.3719389
vt 0.96875 0.3250002
vt 0.96875 0.3250002
vt 0.96875 0.3719389
vt 0.96875 0.3719389
vt 0.96875 0.3719389
vt 0.96875 0.3250002
vt 0.96875 0.3719389
vt 0.96875 0.3250002
vt 0.96875 0.3250002
vt 0.96875 0.3719389
vt 0.96875 0.3250002
vt 0.96875 0.3719389
vt 0.96875 0.3719389
vt 0.96875 0.3250002
vt 0.96875 0.3719389
vt 0.96875 0.3250002
vt 0.96875 0.3719389
vt 0.96875 0.3719389
vt 0.96875 0.425
vt 0.96875 0.3719389
vt 0.96875 0.425
vt 0.96875 0.3719389
vt 0.96875 0.3719389
vt 0.96875 0.3719389
vt 0.96875 0.425
vt 0.96875 0.3719389
vt 0.96875 0.3719389
vt 0.96875 0.425
vt 0.96875 0.425
vt 0.96875 0.3719389
vt 0.96875 0.3719389
vt 0.96875 0.425
vt 0.96875 0.3719389
vt 0.96875 0.3719389
vt 0.96875 0.425
vt 0.96875 0.3719389
vt 0.96875 0.3719389
vt 0.96875 0.3250002
vt 0.96875 0.3250002
vt 0.96875 0.3719389
vt 0.96875 0.3719389
vt 0.96875 0.3719389
vt 0.96875 0.3250002
vt 0.96875 0.3719389
vt 0.96875 0.3250002
vt 0.96875 0.3250002
vt 0.96875 0.3250002
vt 0.96875 0.3719389
vt 0.96875 0.3719389
vt 0.96875 0.3250002
vt 0.96875 0.3719389
vt 0.96875 0.3250002
vt 0.96875 0.3719389
vt 0.96875 0.3250002
vt 0.96875 0.3250002
vt 0.96875 0.3719389
vt 0.96875 0.3719389
vt 0.96875 0.3250002
vt 0.96875 0.3719389
vt 0.96875 0.3250002
vt 0.96875 0.3719389
vt 0.96875 0.3719389
vt 0.96875 0.3250002
vt 0.96875 0.3719389
vt 0.96875 0.3250002
vt 0.96875 0.3250002
vt 0.96875 0.3250002
vt 0.96875 0.3719389
vt 0.96875 0.3719389
vt 0.96875 0.3250002
vt 0.96875 0.3250002
vt 0.96875 0.3719389
vt 0.96875 0.3719389
vt 0.96875 0.3719389
vt 0.96875 0.3719389
vt 0.96875 0.425
vt 0.96875 0.425
vt 0.96875 0.425
vt 0.96875 0.425
vt 0.96875 0.3719389
vt 0.96875 0.3719389
vt 0.59375 0.07500035
vt 0.59375 0.07500035
vt 0.59375 0.07500035
vt 0.59375 0.07500035
vt 0.59375 0.07500035
vt 0.59375 0.07500035
vt 0.59375 0.07500035
vt 0.59375 0.07500035
vt 0.59375 0.07500035
vt 0.59375 0.07500035
vt 0.59375 0.175
vt 0.59375 0.07500035
vt 0.59375 0.07500035
vt 0.59375 0.175
vt 0.59375 0.175
vt 0.59375 0.175
vt 0.59375 0.07500035
vt 0.59375 0.07500035
vt 0.59375 0.175
vt 0.59375 0.175
vt 0.59375 0.07500035
vt 0.59375 0.175
vt 0.59375 0.07500035
vt 0.59375 0.07500035
vt 0.59375 0.175
vt 0.59375 0.175
vt 0.59375 0.07500035
vt 0.59375 0.07500035
vt 0.59375 0.07500035
vt 0.59375 0.07500035
vt 0.59375 0.07500035
vt 0.59375 0.07500035
vt 0.59375 0.07500035
vt 0.59375 0.07500035
vt 0.59375 0.07500035
vt 0.59375 0.07500035
vt 0.59375 0.07500035
vt 0.59375 0.07500035
vt 0.59375 0.175
vt 0.59375 0.07500035
vt 0.59375 0.175
vt 0.59375 0.175
vt 0.59375 0.07500035
vt 0.59375 0.175
vt 0.59375 0.175
vt 0.59375 0.07500035
vt 0.59375 0.07500035
vt 0.59375 0.175
vt 0.59375 0.175
vt 0.59375 0.07500035
vt 0.59375 0.07500035
vt 0.59375 0.175
vt 0.59375 0.175
vt 0.59375 0.07500035
vt 0.21875 0.225
vt 0.21875 0.02500069
vt 0.21875 0.225
vt 0.21875 0.02500069
vt 0.21875 0.02500069
vt 0.21875 0.02500069
vt 0.21875 0.02500069
vt 0.21875 0.02500069
vt 0.21875 0.02500069
vt 0.21875 0.02500069
vt 0.21875 0.02500069
vt 0.21875 0.02500069
vt 0.21875 0.02500069
vt 0.21875 0.02500069
vt 0.21875 0.225
vt 0.21875 0.225
vt 0.21875 0.02500069
vt 0.21875 0.225
vt 0.21875 0.02500069
vt 0.21875 0.225
vt 0.21875 0.02500069
vt 0.21875 0.225
vt 0.21875 0.02500069
vt 0.21875 0.225
vt 0.21875 0.225
vt 0.21875 0.225
vt 0.21875 0.225
vt 0.21875 0.225
vt 0.21875 0.225
vt 0.21875 0.225
vt 0.21875 0.225
vt 0.21875 0.225
vt 0.21875 0.225
vt 0.21875 0.02500069
vt 0.21875 0.225
vt 0.21875 0.02500069
vt 0.21875 0.02500069
vt 0.21875 0.02500069
vt 0.21875 0.225
vt 0.21875 0.225
vt 0.21875 0.02500069
vt 0.21875 0.225
vt 0.21875 0.02500069
vt 0.21875 0.225
vt 0.21875 0.225
vt 0.21875 0.02500069
vt 0.21875 0.225
vt 0.21875 0.02500069
vt 0.34375 0.275
vt 0.34375 0.275
vt 0.34375 0.275
vt 0.34375 0.275
vt 0.34375 0.475
vt 0.34375 0.475
vt 0.34375 0.475
vt 0.34375 0.475
vt 0.34375 0.275
vt 0.34375 0.475
vt 0.34375 0.275
vt 0.34375 0.475
vt 0.34375 0.3230726
vt 0.34375 0.275
vt 0.34375 0.275
vt 0.34375 0.475
vt 0.34375 0.475
vt 0.34375 0.3230726
vt 0.34375 0.3230726
vt 0.34375 0.475
vt 0.34375 0.475
vt 0.34375 0.275
vt 0.34375 0.275
vt 0.34375 0.475
vt 0.34375 0.475
vt 0.34375 0.3230726
vt 0.34375 0.275
vt 0.34375 0.275
vt 0.34375 0.3230726
vt 0.34375 0.3230726
vt 0.34375 0.275
vt 0.34375 0.275
vt 0.34375 0.275
vt 0.34375 0.275
vt 0.34375 0.475
vt 0.34375 0.475
vt 0.34375 0.475
vt 0.34375 0.475
vt 0.34375 0.275
vt 0.34375 0.475
vt 0.34375 0.275
vt 0.34375 0.475
vt 0.34375 0.3230726
vt 0.34375 0.275
vt 0.34375 0.275
vt 0.34375 0.475
vt 0.34375 0.475
vt 0.34375 0.3230726
vt 0.34375 0.3230726
vt 0.34375 0.475
vt 0.34375 0.475
vt 0.34375 0.275
vt 0.34375 0.275
vt 0.34375 0.475
vt 0.34375 0.475
vt 0.34375 0.3230726
vt 0.34375 0.275
vt 0.34375 0.275
vt 0.34375 0.3230726
vt 0.34375 0.3230726
vt 0.34375 0.2936583
vt 0.34375 0.2750001
vt 0.34375 0.4563419
vt 0.34375 0.475
vt 0.34375 0.2750001
vt 0.34375 0.475
vt 0.34375 0.2936583
vt 0.34375 0.4563419
vt 0.34375 0.2936583
vt 0.34375 0.4563419
vt 0.34375 0.2750001
vt 0.34375 0.475
vt 0.34375 0.2750001
vt 0.34375 0.475
vt 0.34375 0.2936583
vt 0.34375 0.4563419
vt 0.34375 0.4563419
vt 0.34375 0.475
vt 0.34375 0.4563419
vt 0.34375 0.475
vt 0.34375 0.2936583
vt 0.34375 0.2936583
vt 0.34375 0.4563419
vt 0.34375 0.4563419
vt 0.34375 0.2936583
vt 0.34375 0.2936583
vt 0.34375 0.2750001
vt 0.34375 0.2750001
vt 0.34375 0.2750001
vt 0.34375 0.2750001
vt 0.34375 0.2750001
vt 0.34375 0.2750001
vt 0.34375 0.2750001
vt 0.34375 0.2750001
vt 0.34375 0.2936583
vt 0.34375 0.2936583
vt 0.34375 0.475
vt 0.34375 0.475
vt 0.34375 0.475
vt 0.34375 0.475
vt 0.34375 0.475
vt 0.34375 0.4563419
vt 0.34375 0.475
vt 0.34375 0.4563419
vt 0.34375 0.2936583
vt 0.34375 0.4563419
vt 0.34375 0.2936583
vt 0.34375 0.4563419
vt 0.34375 0.275
vt 0.34375 0.275
vt 0.34375 0.275
vt 0.34375 0.275
vt 0.34375 0.3750001
vt 0.34375 0.3013159
vt 0.34375 0.3750001
vt 0.34375 0.3013159
vt 0.34375 0.275
vt 0.34375 0.3013159
vt 0.34375 0.275
vt 0.34375 0.3013159
vt 0.34375 0.3013159
vt 0.34375 0.275
vt 0.34375 0.3013159
vt 0.34375 0.275
vt 0.34375 0.275
vt 0.34375 0.275
vt 0.34375 0.3013159
vt 0.34375 0.3013159
vt 0.34375 0.3750001
vt 0.34375 0.3750001
vt 0.34375 0.4486843
vt 0.34375 0.4486843
vt 0.34375 0.475
vt 0.34375 0.475
vt 0.34375 0.275
vt 0.34375 0.275
vt 0.34375 0.3013159
vt 0.34375 0.3013159
vt 0.34375 0.3750001
vt 0.34375 0.3750001
vt 0.34375 0.3013159
vt 0.34375 0.3750001
vt 0.34375 0.3013159
vt 0.34375 0.3750001
vt 0.34375 0.325
vt 0.34375 0.325
vt 0.34375 0.3986843
vt 0.34375 0.3986843
vt 0.34375 0.425
vt 0.34375 0.425
vt 0.34375 0.3986843
vt 0.34375 0.325
vt 0.34375 0.3986843
vt 0.34375 0.325
vt 0.34375 0.325
vt 0.34375 0.3986843
vt 0.34375 0.325
vt 0.34375 0.3986843
vt 0.34375 0.3986843
vt 0.34375 0.3986843
vt 0.34375 0.425
vt 0.34375 0.425
vt 0.34375 0.425
vt 0.34375 0.425
vt 0.34375 0.425
vt 0.34375 0.425
vt 0.34375 0.425
vt 0.34375 0.425
vt 0.34375 0.3986843
vt 0.34375 0.3986843
vt 0.96875 0.02499998
vt 0.96875 0.02499998
vt 0.96875 0.02499998
vt 0.96875 0.02499998
vt 0.96875 0.02499998
vt 0.96875 0.02499998
vt 0.96875 0.1876832
vt 0.96875 0.225
vt 0.96875 0.1691386
vt 0.96875 0.1876832
vt 0.96875 0.1691386
vt 0.96875 0.225
vt 0.96875 0.02499998
vt 0.96875 0.02499998
vt 0.96875 0.02499998
vt 0.96875 0.02499998
vt 0.96875 0.02499998
vt 0.96875 0.02499998
vt 0.96875 0.02499998
vt 0.96875 0.02499998
vt 0.96875 0.225
vt 0.96875 0.225
vt 0.96875 0.1876832
vt 0.96875 0.1876832
vt 0.96875 0.02499998
vt 0.96875 0.1691386
vt 0.96875 0.02499998
vt 0.96875 0.1691386
vt 0.96875 0.02499998
vt 0.96875 0.02499998
vt 0.96875 0.1876832
vt 0.96875 0.1876832
vt 0.96875 0.02499998
vt 0.96875 0.02499998
vt 0.96875 0.1876832
vt 0.96875 0.1691386
vt 0.96875 0.02499998
vt 0.96875 0.02499998
vt 0.96875 0.02499998
vt 0.96875 0.02499998
vt 0.96875 0.02499998
vt 0.96875 0.1876832
vt 0.96875 0.02499998
vt 0.96875 0.1691386
vt 0.96875 0.02499998
vt 0.96875 0.02499998
vt 0.96875 0.02499998
vt 0.96875 0.02499998
vt 0.96875 0.02499998
vt 0.96875 0.1876832
vt 0.96875 0.02499998
vt 0.96875 0.1876832
vt 0.96875 0.225
vt 0.96875 0.225
vt 0.96875 0.225
vt 0.96875 0.225
vt 0.96875 0.225
vt 0.96875 0.1691386
vt 0.96875 0.225
vt 0.96875 0.1691386
vt 0.96875 0.1876832
vt 0.96875 0.1876832
vt 0.96875 0.225
vt 0.96875 0.225
vt 0.96875 0.1691393
vt 0.96875 0.1876838
vt 0.96875 0.225
vt 0.96875 0.225
vt 0.96875 0.1876838
vt 0.96875 0.1691393
vt 0.96875 0.02499998
vt 0.96875 0.02499998
vt 0.96875 0.02499998
vt 0.96875 0.02499998
vt 0.96875 0.02499998
vt 0.96875 0.02499998
vt 0.96875 0.02499998
vt 0.96875 0.02499998
vt 0.96875 0.1876838
vt 0.96875 0.1691393
vt 0.96875 0.02499998
vt 0.96875 0.02499998
vt 0.96875 0.02499998
vt 0.96875 0.02499998
vt 0.96875 0.225
vt 0.96875 0.1876838
vt 0.96875 0.225
vt 0.96875 0.1876838
vt 0.96875 0.02499998
vt 0.96875 0.02499998
vt 0.96875 0.02499998
vt 0.96875 0.02499998
vt 0.96875 0.225
vt 0.96875 0.225
vt 0.96875 0.225
vt 0.96875 0.225
vt 0.96875 0.1876838
vt 0.96875 0.225
vt 0.96875 0.1876838
vt 0.96875 0.225
vt 0.96875 0.1691393
vt 0.96875 0.1691393
vt 0.96875 0.225
vt 0.96875 0.225
vt 0.96875 0.02499998
vt 0.96875 0.1876838
vt 0.96875 0.02499998
vt 0.96875 0.1876838
vt 0.96875 0.02499998
vt 0.96875 0.1876838
vt 0.96875 0.02499998
vt 0.96875 0.1691393
vt 0.96875 0.02499998
vt 0.96875 0.02499998
vt 0.96875 0.02499998
vt 0.96875 0.02499998
vt 0.96875 0.02499998
vt 0.96875 0.02499998
vt 0.96875 0.02499998
vt 0.96875 0.02499998
vt 0.96875 0.02499998
vt 0.96875 0.02499998
vt 0.96875 0.1876838
vt 0.96875 0.1876838
vt 0.96875 0.02499998
vt 0.96875 0.02499998
vt 0.96875 0.1691393
vt 0.96875 0.1691393
vt 0.90625 0.125
vt 0.90625 0.125
vt 0.90625 0.125
vt 0.09375 0.02499998
vt 0.09375 0.02499998
vt 0.09375 0.02499998
vt 0.09375 0.02499998
vt 0.09375 0.225
vt 0.09375 0.225
vt 0.09375 0.225
vt 0.09375 0.225
vt 0.09375 0.02499998
vt 0.09375 0.225
vt 0.09375 0.02499998
vt 0.09375 0.225
vt 0.09375 0.02499998
vt 0.09375 0.02499998
vt 0.09375 0.225
vt 0.09375 0.225
vt 0.09375 0.225
vt 0.09375 0.02499998
vt 0.09375 0.225
vt 0.09375 0.02499998
vt 0.09375 0.02500004
vt 0.09375 0.03409082
vt 0.09375 0.05605584
vt 0.09375 0.06232351
vt 0.09375 0.05605584
vt 0.09375 0.06232351
vt 0.09375 0.1939442
vt 0.09375 0.1876765
vt 0.09375 0.1876765
vt 0.09375 0.1939442
vt 0.09375 0.2159092
vt 0.09375 0.225
vt 0.09375 0.1876765
vt 0.09375 0.2159092
vt 0.09375 0.1939442
vt 0.09375 0.225
vt 0.09375 0.2159092
vt 0.09375 0.225
vt 0.09375 0.2159092
vt 0.09375 0.225
vt 0.09375 0.03409082
vt 0.09375 0.03409082
vt 0.09375 0.02500004
vt 0.09375 0.02500004
vt 0.09375 0.05605584
vt 0.09375 0.1939442
vt 0.09375 0.02500004
vt 0.09375 0.225
vt 0.09375 0.02500004
vt 0.09375 0.225
vt 0.09375 0.05605584
vt 0.09375 0.1939442
vt 0.09375 0.06232351
vt 0.09375 0.03409082
vt 0.09375 0.05605584
vt 0.09375 0.02500004
vt 0.09375 0.05605584
vt 0.09375 0.1939442
vt 0.09375 0.06232351
vt 0.09375 0.1876765
vt 0.09375 0.06232351
vt 0.09375 0.03409082
vt 0.09375 0.1876765
vt 0.09375 0.2159092
vt 0.09375 0.03409082
vt 0.09375 0.2159092
vt 0.09375 0.06232351
vt 0.09375 0.1876765
vt 0.09375 0.02499998
vt 0.09375 0.225
vt 0.09375 0.02499998
vt 0.09375 0.225
vt 0.09375 0.02499998
vt 0.09375 0.02499998
vt 0.09375 0.02499998
vt 0.09375 0.02499998
vt 0.09375 0.225
vt 0.09375 0.225
vt 0.09375 0.225
vt 0.09375 0.225
vt 0.09375 0.02499998
vt 0.09375 0.02499998
vt 0.09375 0.225
vt 0.09375 0.225
vt 0.09375 0.02499998
vt 0.09375 0.225
vt 0.09375 0.02499998
vt 0.09375 0.225
vt 0.09375 0.225
vt 0.09375 0.1939442
vt 0.09375 0.2159092
vt 0.09375 0.1876765
vt 0.09375 0.06232351
vt 0.09375 0.1876765
vt 0.09375 0.03409082
vt 0.09375 0.2159092
vt 0.09375 0.03409082
vt 0.09375 0.2159092
vt 0.09375 0.06232351
vt 0.09375 0.1876765
vt 0.09375 0.02500004
vt 0.09375 0.05605584
vt 0.09375 0.03409082
vt 0.09375 0.06232351
vt 0.09375 0.05605584
vt 0.09375 0.06232351
vt 0.09375 0.1939442
vt 0.09375 0.1876765
vt 0.09375 0.05605584
vt 0.09375 0.1939442
vt 0.09375 0.06232351
vt 0.09375 0.1876765
vt 0.09375 0.1876765
vt 0.09375 0.1939442
vt 0.09375 0.2159092
vt 0.09375 0.225
vt 0.09375 0.225
vt 0.09375 0.225
vt 0.09375 0.2159092
vt 0.09375 0.2159092
vt 0.09375 0.02500004
vt 0.09375 0.03409082
vt 0.09375 0.02500004
vt 0.09375 0.03409082
vt 0.09375 0.05605584
vt 0.09375 0.02500004
vt 0.09375 0.1939442
vt 0.09375 0.225
vt 0.09375 0.02500004
vt 0.09375 0.225
vt 0.09375 0.05605584
vt 0.09375 0.1939442
vt 0.09375 0.02500004
vt 0.09375 0.03409082
vt 0.09375 0.05605584
vt 0.09375 0.06232351
vt 0.09375 0.1170559
vt 0.09375 0.0250001
vt 0.09375 0.1170559
vt 0.09375 0.0250001
vt 0.09375 0.0250001
vt 0.09375 0.1170559
vt 0.09375 0.0250001
vt 0.09375 0.1170559
vt 0.09375 0.0250001
vt 0.09375 0.0250001
vt 0.09375 0.1170559
vt 0.09375 0.1170559
vt 0.09375 0.1410878
vt 0.09375 0.225
vt 0.09375 0.225
vt 0.09375 0.225
vt 0.09375 0.225
vt 0.09375 0.0250001
vt 0.09375 0.1170559
vt 0.09375 0.0250001
vt 0.09375 0.1170559
vt 0.09375 0.1170559
vt 0.09375 0.225
vt 0.09375 0.1170559
vt 0.09375 0.225
vt 0.09375 0.225
vt 0.09375 0.225
vt 0.09375 0.225
vt 0.09375 0.225
vt 0.09375 0.1170559
vt 0.09375 0.1170559
vt 0.09375 0.225
vt 0.09375 0.225
vt 0.09375 0.1170559
vt 0.09375 0.1170559
vt 0.09375 0.225
vt 0.09375 0.225
vt 0.46875 0.185
vt 0.46875 0.065
vt 0.46875 0.225
vt 0.46875 0.02499998
vt 0.46875 0.02499998
vt 0.46875 0.065
vt 0.46875 0.02499998
vt 0.46875 0.065
vt 0.46875 0.065
vt 0.46875 0.065
vt 0.46875 0.185
vt 0.46875 0.185
vt 0.46875 0.185
vt 0.46875 0.225
vt 0.46875 0.185
vt 0.46875 0.225
vt 0.46875 0.065
vt 0.46875 0.185
vt 0.46875 0.02499998
vt 0.46875 0.225
vn -0.9229301 0.0977181 0.3723591
vn -0.915411 0.0977181 0.390479
vn -0.404118 0.04320524 0.9136859
vn -0.3590039 0.03756598 0.9325798
vn 0.3590621 0.03756598 -0.9325574
vn 0.4041762 0.04320524 -0.9136602
vn 0.9154692 0.0977181 -0.3903425
vn 0.9229883 0.0977181 -0.3722148
vn -0.404118 0.04320524 -0.9136859
vn 0.4041762 0.04320524 -0.9136602
vn -0.3590039 0.03756598 -0.9325798
vn 0.3590621 0.03756598 -0.9325574
vn 0.4041762 0.04320524 0.9136602
vn -0.404118 0.04320524 0.9136859
vn 0.3590621 0.03756598 0.9325574
vn -0.3590039 0.03756598 0.9325798
vn 2.910146e-05 0.9999999 -0.000345267
vn 2.910146e-05 0.9999999 -0.000345267
vn 2.910146e-05 0.9999999 -0.000345267
vn 2.910146e-05 0.9999999 -0.000345267
vn 2.910146e-05 0.9999999 -0.000345267
vn 2.910146e-05 0.9999999 -0.000345267
vn 2.910146e-05 0.9999999 -0.000345267
vn 2.910146e-05 0.9999999 -0.000345267
vn -0.404118 0.04320524 -0.9136859
vn -0.3590039 0.03756598 -0.9325798
vn -0.9229301 0.0977181 -0.3723591
vn -0.915411 0.0977181 -0.390479
vn -0.9229301 0.0977181 -0.3723591
vn -0.915411 0.0977181 -0.390479
vn -0.9229301 0.0977181 0.3723591
vn -0.915411 0.0977181 0.390479
vn 0.9154692 0.0977181 0.3903425
vn 0.9229883 0.0977181 0.3722148
vn 0.3590621 0.03756598 0.9325574
vn 0.4041762 0.04320524 0.9136602
vn 0.9154692 0.0977181 -0.3903425
vn 0.9229883 0.0977181 -0.3722148
vn 0.9154692 0.0977181 0.3903425
vn 0.9229883 0.0977181 0.3722148
vn -0.9243806 -0.09914195 -0.3683631
vn -0.9243806 0.09914195 0.3683631
vn -0.9243806 -0.09914195 -0.3683631
vn -0.9243806 0.09914195 0.3683631
vn 0.9243806 -0.09914195 -0.3683631
vn 0.9243806 -0.09914195 -0.3683631
vn 0.9243806 0.09914195 0.3683631
vn 0.9243806 0.09914195 0.3683631
vn 0.3824047 0.2388849 0.8925809
vn -0.3824047 0.2388849 0.8925809
vn 0.3824047 0.2388849 0.8925809
vn -0.3824047 0.2388849 0.8925809
vn 0.3824047 -0.2388849 -0.8925809
vn 0.3824047 -0.2388849 -0.8925809
vn 0.9243806 -0.09914195 -0.3683631
vn 0.9243806 -0.09914195 -0.3683631
vn -0.000944209 -0.9659258 0.2588174
vn -0.000944209 -0.9659258 0.2588174
vn -0.000944209 -0.9659258 0.2588174
vn -0.000944209 -0.9659258 0.2588174
vn -0.000944209 -0.9659258 0.2588174
vn -0.000944209 -0.9659258 0.2588174
vn -0.000944209 -0.9659258 0.2588174
vn -0.000944209 -0.9659258 0.2588174
vn -0.3824047 -0.2388849 -0.8925809
vn -0.9243806 -0.09914195 -0.3683631
vn -0.3824047 -0.2388849 -0.8925809
vn -0.9243806 -0.09914195 -0.3683631
vn -0.3824047 -0.2388849 -0.8925809
vn 0.3824047 -0.2388849 -0.8925809
vn -0.3824047 -0.2388849 -0.8925809
vn 0.3824047 -0.2388849 -0.8925809
vn 0.9243806 0.09914195 0.3683631
vn 0.9243806 0.09914195 0.3683631
vn 0.3824047 0.2388849 0.8925809
vn 0.3824047 0.2388849 0.8925809
vn -0.9243806 0.09914195 0.3683631
vn -0.3824047 0.2388849 0.8925809
vn -0.9243806 0.09914195 0.3683631
vn -0.3824047 0.2388849 0.8925809
vn -0.000944209 0.9659258 -0.2588174
vn -0.000944209 0.9659258 -0.2588174
vn -0.000944209 0.9659258 -0.2588174
vn -0.000944209 0.9659258 -0.2588174
vn -0.000944209 0.9659258 -0.2588174
vn -0.000944209 0.9659258 -0.2588174
vn -0.000944209 0.9659258 -0.2588174
vn -0.000944209 0.9659258 -0.2588174
vn 2.910146e-05 0.9999999 -0.000345267
vn 2.910146e-05 0.9999999 -0.000345267
vn 2.910146e-05 0.9999999 -0.000345267
vn 2.910146e-05 0.9999999 -0.000345267
vn 2.910146e-05 0.9999999 -0.000345267
vn 2.910146e-05 0.9999999 -0.000345267
vn 2.910146e-05 0.9999999 -0.000345267
vn 2.910146e-05 0.9999999 -0.000345267
vn 0.4041762 0.04320524 0.9136602
vn -0.404118 0.04320524 0.9136859
vn 0.3590621 0.03756598 0.9325574
vn -0.3590039 0.03756598 0.9325798
vn 0.3590621 0.03756598 -0.9325574
vn 0.4041762 0.04320524 -0.9136602
vn 0.9154692 0.0977181 -0.3903425
vn 0.9229883 0.0977181 -0.3722148
vn 0.9154692 0.0977181 -0.3903425
vn 0.9229883 0.0977181 -0.3722148
vn 0.9154692 0.0977181 0.3903425
vn 0.9229883 0.0977181 0.3722148
vn -0.404118 0.04320524 -0.9136859
vn -0.3590039 0.03756598 -0.9325798
vn -0.9229301 0.0977181 -0.3723591
vn -0.915411 0.0977181 -0.390479
vn -0.9229301 0.0977181 0.3723591
vn -0.915411 0.0977181 0.390479
vn -0.404118 0.04320524 0.9136859
vn -0.3590039 0.03756598 0.9325798
vn 0.9154692 0.0977181 0.3903425
vn 0.9229883 0.0977181 0.3722148
vn 0.3590621 0.03756598 0.9325574
vn 0.4041762 0.04320524 0.9136602
vn -0.9229301 0.0977181 -0.3723591
vn -0.915411 0.0977181 -0.390479
vn -0.9229301 0.0977181 0.3723591
vn -0.915411 0.0977181 0.390479
vn -0.404118 0.04320524 -0.9136859
vn 0.4041762 0.04320524 -0.9136602
vn -0.3590039 0.03756598 -0.9325798
vn 0.3590621 0.03756598 -0.9325574
vn -0.000944209 0.9659258 -0.2588174
vn -0.000944209 0.9659258 -0.2588174
vn -0.000944209 0.9659258 -0.2588174
vn -0.000944209 0.9659258 -0.2588174
vn -0.000944209 0.9659258 -0.2588174
vn -0.000944209 0.9659258 -0.2588174
vn -0.000944209 0.9659258 -0.2588174
vn -0.000944209 0.9659258 -0.2588174
vn 0.3824047 0.2388849 0.8925809
vn -0.3824047 0.2388849 0.8925809
vn 0.3824047 0.2388849 0.8925809
vn -0.3824047 0.2388849 0.8925809
vn 0.3824047 -0.2388849 -0.8925809
vn 0.3824047 -0.2388849 -0.8925809
vn 0.9243806 -0.09914195 -0.3683631
vn 0.9243806 -0.09914195 -0.3683631
vn 0.9243806 0.09914195 0.3683631
vn 0.9243806 0.09914195 0.3683631
vn 0.3824047 0.2388849 0.8925809
vn 0.3824047 0.2388849 0.8925809
vn -0.3824047 -0.2388849 -0.8925809
vn -0.9243806 -0.09914195 -0.3683631
vn -0.3824047 -0.2388849 -0.8925809
vn -0.9243806 -0.09914195 -0.3683631
vn -0.3824047 -0.2388849 -0.8925809
vn 0.3824047 -0.2388849 -0.8925809
vn -0.3824047 -0.2388849 -0.8925809
vn 0.3824047 -0.2388849 -0.8925809
vn -0.000944209 -0.9659258 0.2588174
vn -0.000944209 -0.9659258 0.2588174
vn -0.000944209 -0.9659258 0.2588174
vn -0.000944209 -0.9659258 0.2588174
vn -0.000944209 -0.9659258 0.2588174
vn -0.000944209 -0.9659258 0.2588174
vn -0.000944209 -0.9659258 0.2588174
vn -0.000944209 -0.9659258 0.2588174
vn -0.9243806 -0.09914195 -0.3683631
vn -0.9243806 0.09914195 0.3683631
vn -0.9243806 -0.09914195 -0.3683631
vn -0.9243806 0.09914195 0.3683631
vn 0.9243806 -0.09914195 -0.3683631
vn 0.9243806 -0.09914195 -0.3683631
vn 0.9243806 0.09914195 0.3683631
vn 0.9243806 0.09914195 0.3683631
vn -0.9243806 0.09914195 0.3683631
vn -0.3824047 0.2388849 0.8925809
vn -0.9243806 0.09914195 0.3683631
vn -0.3824047 0.2388849 0.8925809
vn 0.0009361951 0.9768645 0.2138573
vn 0.0009361951 0.8382636 0.5452644
vn -0.3256302 0.8667432 0.3777845
vn 0.0009361951 0.9768645 0.2138573
vn 0.325604 0.8667432 0.3778072
vn 0.0009361951 0.8382636 0.5452644
vn -0.268671 0.7528247 -0.6008917
vn 0.0009361951 0.9407902 -0.338988
vn -0.4357515 0.883831 -0.1701863
vn 0.4395225 0.8914256 0.1103651
vn 0.325604 0.8667432 0.3778072
vn 0.0009361951 0.9768645 0.2138573
vn 0.2686447 0.7528247 -0.6009034
vn 0.4357252 0.883831 -0.1702536
vn 0.0009361951 0.9407902 -0.338988
vn 0.0009361951 0.9768645 0.2138573
vn -0.3256302 0.8667432 0.3777845
vn -0.4395488 0.8914255 0.1102605
vn -0.268671 0.7528247 -0.6008917
vn 0.2686447 0.7528247 -0.6009034
vn 0.0009361951 0.9407902 -0.338988
vn 0.6255894 -0.0009361951 0.7801519
vn 0.0009361951 -0.0009361951 0.9999991
vn 0.6255894 -0.0009361951 0.7801519
vn 0.0009361951 -0.0009361951 0.9999991
vn 0.4357252 0.883831 -0.1702536
vn 0.4395225 0.8914256 0.1103651
vn 0.0009361951 0.9407902 -0.338988
vn 0.0009361951 0.9768645 0.2138573
vn 0.0009361951 0.9407902 -0.338988
vn 0.0009361951 0.9768645 0.2138573
vn -0.4357515 0.883831 -0.1701863
vn -0.4395488 0.8914255 0.1102605
vn -0.9028174 -0.0009361951 -0.430023
vn -0.9028174 -0.0009361951 -0.430023
vn -0.9654726 -0.0009361951 0.260503
vn -0.9654726 -0.0009361951 0.260503
vn -0.9028174 -0.0009361951 -0.430023
vn -0.3332248 -0.0009361951 -0.9428469
vn -0.9028174 -0.0009361951 -0.430023
vn -0.3332248 -0.0009361951 -0.9428469
vn 0.3331986 -0.0009361951 -0.9428562
vn 0.9027911 -0.0009361951 -0.4300782
vn 0.3331986 -0.0009361951 -0.9428562
vn 0.9027911 -0.0009361951 -0.4300782
vn -0.3332248 -0.0009361951 -0.9428469
vn 0.3331986 -0.0009361951 -0.9428562
vn -0.3332248 -0.0009361951 -0.9428469
vn 0.3331986 -0.0009361951 -0.9428562
vn 0.0009361951 -0.0009361951 0.9999991
vn -0.6256157 -0.0009361951 0.7801309
vn 0.0009361951 -0.0009361951 0.9999991
vn -0.6256157 -0.0009361951 0.7801309
vn 0.9654464 -0.0009361951 0.2606002
vn 0.9654464 -0.0009361951 0.2606002
vn 0.6255894 -0.0009361951 0.7801519
vn 0.6255894 -0.0009361951 0.7801519
vn -0.9654726 -0.0009361951 0.260503
vn -0.9654726 -0.0009361951 0.260503
vn -0.6256157 -0.0009361951 0.7801309
vn -0.6256157 -0.0009361951 0.7801309
vn 0.9027911 -0.0009361951 -0.4300782
vn 0.9027911 -0.0009361951 -0.4300782
vn 0.9654464 -0.0009361951 0.2606002
vn 0.9654464 -0.0009361951 0.2606002
vn 0.2686447 0.7528247 -0.6009034
vn 0.4357252 0.883831 -0.1702536
vn 0.0009361951 0.9407902 -0.338988
vn -0.268671 0.7528247 -0.6008917
vn 0.0009361951 0.9407902 -0.338988
vn -0.4357515 0.883831 -0.1701863
vn -0.268671 0.7528247 -0.6008917
vn 0.2686447 0.7528247 -0.6009034
vn 0.0009361951 0.9407902 -0.338988
vn 0.4395225 0.8914256 0.1103651
vn 0.325604 0.8667432 0.3778072
vn 0.0009361951 0.9768645 0.2138573
vn 0.0009361951 0.9768645 0.2138573
vn 0.0009361951 0.8382636 0.5452644
vn -0.3256302 0.8667432 0.3777845
vn 0.0009361951 0.9768645 0.2138573
vn -0.3256302 0.8667432 0.3777845
vn -0.4395488 0.8914255 0.1102605
vn 0.0009361951 0.9768645 0.2138573
vn 0.325604 0.8667432 0.3778072
vn 0.0009361951 0.8382636 0.5452644
vn 0.3331986 -0.0009361951 -0.9428562
vn 0.9027911 -0.0009361951 -0.4300782
vn 0.3331986 -0.0009361951 -0.9428562
vn 0.9027911 -0.0009361951 -0.4300782
vn 0.9027911 -0.0009361951 -0.4300782
vn 0.9027911 -0.0009361951 -0.4300782
vn 0.9654464 -0.0009361951 0.2606002
vn 0.9654464 -0.0009361951 0.2606002
vn -0.3332248 -0.0009361951 -0.9428469
vn 0.3331986 -0.0009361951 -0.9428562
vn -0.3332248 -0.0009361951 -0.9428469
vn 0.3331986 -0.0009361951 -0.9428562
vn -0.9028174 -0.0009361951 -0.430023
vn -0.9028174 -0.0009361951 -0.430023
vn -0.9654726 -0.0009361951 0.260503
vn -0.9654726 -0.0009361951 0.260503
vn -0.9028174 -0.0009361951 -0.430023
vn -0.3332248 -0.0009361951 -0.9428469
vn -0.9028174 -0.0009361951 -0.430023
vn -0.3332248 -0.0009361951 -0.9428469
vn -0.9654726 -0.0009361951 0.260503
vn -0.9654726 -0.0009361951 0.260503
vn -0.6256157 -0.0009361951 0.7801309
vn -0.6256157 -0.0009361951 0.7801309
vn 0.9654464 -0.0009361951 0.2606002
vn 0.9654464 -0.0009361951 0.2606002
vn 0.6255894 -0.0009361951 0.7801519
vn 0.6255894 -0.0009361951 0.7801519
vn 0.6255894 -0.0009361951 0.7801519
vn 0.0009361951 -0.0009361951 0.9999991
vn 0.6255894 -0.0009361951 0.7801519
vn 0.0009361951 -0.0009361951 0.9999991
vn 0.0009361951 -0.0009361951 0.9999991
vn -0.6256157 -0.0009361951 0.7801309
vn 0.0009361951 -0.0009361951 0.9999991
vn -0.6256157 -0.0009361951 0.7801309
vn 0.4357252 0.883831 -0.1702536
vn 0.4395225 0.8914256 0.1103651
vn 0.0009361951 0.9407902 -0.338988
vn 0.0009361951 0.9768645 0.2138573
vn 0.0009361951 0.9407902 -0.338988
vn 0.0009361951 0.9768645 0.2138573
vn -0.4357515 0.883831 -0.1701863
vn -0.4395488 0.8914255 0.1102605
vn 0.0007334271 -0.9999997 0
vn 0.0007334271 -0.9999997 0
vn 0.0007334271 -0.9999997 0
vn 0.0007334271 -0.9999997 0
vn 0.0007334271 -0.9999997 0
vn 0.0007334271 -0.9999997 0
vn 0.0007334271 -0.9999997 0
vn 0.0007334271 -0.9999997 0
vn 0.0007334271 -0.9999997 0
vn 0.9032367 -0.3691781 0.2187943
vn 0.8883501 -0.3784823 0.2599716
vn 0.8399685 -0.425003 -0.3373801
vn 0.5757304 -0.4491938 0.6831979
vn 0.789726 -0.4436114 -0.4237237
vn 0.5459571 -0.4529155 0.7048393
vn 0.2891623 -0.491993 -0.8211748
vn 0.0007334273 -0.4715238 0.881853
vn 0.2910232 -0.491993 -0.8205172
vn 0.0007334273 -0.4715238 0.881853
vn -0.2895563 -0.491993 -0.821036
vn -0.2914171 -0.491993 -0.8203773
vn -0.79012 -0.4436114 -0.4229886
vn -0.8403624 -0.425003 -0.3363977
vn -0.5761244 -0.4491938 0.6828657
vn -0.5444902 -0.4529155 0.705973
vn -0.888744 -0.3784822 0.2586217
vn -0.9036307 -0.3691781 0.2171613
vn 0.0007334271 -0.9999997 0
vn 0.0007334271 -0.9999997 0
vn 0.0007334271 -0.9999997 0
vn 0.0007334271 -0.9999997 0
vn 0.0007334271 -0.9999997 0
vn 0.0007334271 -0.9999997 0
vn 0.0007334271 -0.9999997 0
vn 0.0007334271 -0.9999997 0
vn 0.0007334271 -0.9999997 0
vn -0.9036307 -0.3691781 0.2171613
vn -0.8403624 -0.425003 -0.3363977
vn -0.888744 -0.3784822 0.2586217
vn -0.5761244 -0.4491938 0.6828657
vn -0.79012 -0.4436114 -0.4229886
vn -0.5444902 -0.4529155 0.705973
vn -0.2914171 -0.491993 -0.8203773
vn 0.0007334273 -0.4715238 0.881853
vn -0.2895563 -0.491993 -0.821036
vn 0.0007334273 -0.4715238 0.881853
vn 0.2910232 -0.491993 -0.8205172
vn 0.5459571 -0.4529155 0.7048393
vn 0.2891623 -0.491993 -0.8211748
vn 0.5757304 -0.4491938 0.6831979
vn 0.8399685 -0.425003 -0.3373801
vn 0.789726 -0.4436114 -0.4237237
vn 0.8883501 -0.3784823 0.2599716
vn 0.9032367 -0.3691781 0.2187943
vn 0.3822092 0.0009775171 -0.9240753
vn 0.3822092 0.0009775171 -0.9240753
vn 0.9237537 0.0009775171 -0.3829859
vn 0.9237537 0.0009775171 -0.3829859
vn -0.0009775166 -0.9999995 0
vn -0.0009775166 -0.9999995 0
vn -0.0009775166 -0.9999995 0
vn -0.0009775166 -0.9999995 0
vn -0.0009775166 -0.9999995 0
vn -0.0009775166 -0.9999995 0
vn -0.0009775166 -0.9999995 0
vn -0.0009775166 -0.9999995 0
vn 0.3822092 0.0009775171 0.9240753
vn -0.3822092 0.0009775171 0.9240753
vn 0.3822092 0.0009775171 0.9240753
vn -0.3822092 0.0009775171 0.9240753
vn -0.9237537 0.0009775171 0.3829859
vn -0.9237537 0.0009775171 0.3829859
vn -0.3822092 0.0009775171 0.9240753
vn -0.3822092 0.0009775171 0.9240753
vn -0.9237537 0.0009775171 -0.3829859
vn -0.9237537 0.0009775171 -0.3829859
vn -0.9237537 0.0009775171 0.3829859
vn -0.9237537 0.0009775171 0.3829859
vn -0.0009775166 0.9999995 0
vn -0.0009775166 0.9999995 0
vn -0.0009775166 0.9999995 0
vn -0.0009775166 0.9999995 0
vn -0.0009775166 0.9999995 0
vn -0.0009775166 0.9999995 0
vn -0.0009775166 0.9999995 0
vn -0.0009775166 0.9999995 0
vn 0.9237537 0.0009775171 -0.3829859
vn 0.9237537 0.0009775171 -0.3829859
vn 0.9237537 0.0009775171 0.3829859
vn 0.9237537 0.0009775171 0.3829859
vn -0.3822092 0.0009775171 -0.9240753
vn 0.3822092 0.0009775171 -0.9240753
vn -0.3822092 0.0009775171 -0.9240753
vn 0.3822092 0.0009775171 -0.9240753
vn -0.3822092 0.0009775171 -0.9240753
vn -0.3822092 0.0009775171 -0.9240753
vn -0.9237537 0.0009775171 -0.3829859
vn -0.9237537 0.0009775171 -0.3829859
vn 0.9237537 0.0009775171 0.3829859
vn 0.9237537 0.0009775171 0.3829859
vn 0.3822092 0.0009775171 0.9240753
vn 0.3822092 0.0009775171 0.9240753
vn -0.0009775166 -0.9999995 0
vn -0.0009775166 -0.9999995 0
vn -0.0009775166 -0.9999995 0
vn -0.0009775166 -0.9999995 0
vn -0.0009775171 0.7575758 -0.6527465
vn -0.0009775171 0.7536657 0.6572573
vn -0.0009775171 0.7575758 -0.6527465
vn -0.0009775171 0.7536657 0.6572573
vn -0.9999995 0.0009775166 0
vn -0.9999995 0.0009775166 0
vn -0.9999995 0.0009775166 0
vn -0.9999995 0.0009775166 0
vn -0.9999995 0.0009775166 0
vn -0.0009775171 0.1476051 -0.9890459
vn -0.0009775171 0.1476051 -0.9890459
vn -0.0009775171 0.7575758 -0.6527465
vn -0.0009775171 0.7575758 -0.6527465
vn -0.0009775171 -0.07722385 0.9970133
vn -0.0009775171 -0.07722385 0.9970133
vn -0.0009775171 0.7536657 0.6572573
vn -0.0009775171 0.7536657 0.6572573
vn 0.9999995 0.0009775166 0
vn 0.9999995 0.0009775166 0
vn 0.9999995 0.0009775166 0
vn 0.9999995 0.0009775166 0
vn 0.9999995 0.0009775166 0
vn -0.0009775171 -0.2864125 0.9581059
vn -0.0009775171 -0.2864125 0.9581059
vn -0.0009775171 -0.07722385 0.9970133
vn -0.0009775171 -0.07722385 0.9970133
vn -0.0009775166 -0.9999995 0
vn -0.0009775166 -0.9999995 0
vn -0.0009775166 -0.9999995 0
vn -0.0009775166 -0.9999995 0
vn -0.0009775171 0.7575758 -0.6527465
vn -0.0009775171 0.7536657 0.6572573
vn -0.0009775171 0.7575758 -0.6527465
vn -0.0009775171 0.7536657 0.6572573
vn -0.9999995 0.0009775166 0
vn -0.9999995 0.0009775166 0
vn -0.9999995 0.0009775166 0
vn -0.9999995 0.0009775166 0
vn -0.9999995 0.0009775166 0
vn -0.0009775171 0.1476051 -0.9890459
vn -0.0009775171 0.1476051 -0.9890459
vn -0.0009775171 0.7575758 -0.6527465
vn -0.0009775171 0.7575758 -0.6527465
vn -0.0009775171 -0.07722385 0.9970133
vn -0.0009775171 -0.07722385 0.9970133
vn -0.0009775171 0.7536657 0.6572573
vn -0.0009775171 0.7536657 0.6572573
vn 0.9999995 0.0009775166 0
vn 0.9999995 0.0009775166 0
vn 0.9999995 0.0009775166 0
vn 0.9999995 0.0009775166 0
vn 0.9999995 0.0009775166 0
vn -0.0009775171 -0.2864125 0.9581059
vn -0.0009775171 -0.2864125 0.9581059
vn -0.0009775171 -0.07722385 0.9970133
vn -0.0009775171 -0.07722385 0.9970133
vn 0.9022049 0.000903108 0.4313067
vn 0.9022049 0.000903108 0.4313067
vn 0.9022049 0.000903108 0.4313067
vn 0.9022049 0.000903108 0.4313067
vn 0.9022049 0.000903108 0.4313067
vn 0.9022049 0.000903108 0.4313067
vn 0.9022049 0.000903108 0.4313067
vn 0.9022049 0.000903108 0.4313067
vn -0.9022049 0.000903108 -0.4313067
vn -0.9022049 0.000903108 -0.4313067
vn -0.9022049 0.000903108 -0.4313067
vn -0.9022049 0.000903108 -0.4313067
vn -0.9022049 0.000903108 -0.4313067
vn -0.9022049 0.000903108 -0.4313067
vn -0.9022049 0.000903108 -0.4313067
vn -0.9022049 0.000903108 -0.4313067
vn 0.4000769 0.3820147 -0.8330686
vn 0.1652688 0.9238795 -0.3451563
vn 0.4000769 0.3820147 -0.8330686
vn 0.1652688 0.9238795 -0.3451563
vn 0.4000769 -0.3820147 -0.8330686
vn 0.4000769 -0.3820147 -0.8330686
vn 0.4000769 0.3820147 -0.8330686
vn 0.4000769 0.3820147 -0.8330686
vn 0.4000769 -0.3820147 -0.8330686
vn 0.4000769 -0.3820147 -0.8330686
vn 0.1652688 -0.9238795 -0.3451563
vn 0.1652688 -0.9238795 -0.3451563
vn 0.1652688 -0.9238795 -0.3451563
vn 0.1652688 -0.9238795 -0.3451563
vn -0.1652688 -0.9238795 0.3451563
vn -0.1652688 -0.9238795 0.3451563
vn -0.1652688 -0.9238795 0.3451563
vn -0.1652688 -0.9238795 0.3451563
vn -0.4000769 -0.3820147 0.8330686
vn -0.4000769 -0.3820147 0.8330686
vn 0.1652688 0.9238795 -0.3451563
vn -0.1652688 0.9238795 0.3451563
vn 0.1652688 0.9238795 -0.3451563
vn -0.1652688 0.9238795 0.3451563
vn -0.1652688 0.9238795 0.3451563
vn -0.4000769 0.3820147 0.8330686
vn -0.1652688 0.9238795 0.3451563
vn -0.4000769 0.3820147 0.8330686
vn -0.4000769 -0.3820147 0.8330686
vn -0.4000769 0.3820147 0.8330686
vn -0.4000769 -0.3820147 0.8330686
vn -0.4000769 0.3820147 0.8330686
vn 0.4073292 -0.9128452 -0.02822333
vn 0.4073292 -0.9128452 -0.02822333
vn -0.4073292 -0.9128452 -0.02822333
vn -0.4073292 -0.9128452 -0.02822333
vn 0.9945055 0.1040196 -0.0117799
vn 0.9513691 -0.3080531 0
vn 0.9945055 0.1040196 -0.0117799
vn 0.9513691 -0.3080531 0
vn -0.4073292 -0.9128452 -0.02822333
vn -0.9513691 -0.3080531 0
vn -0.4073292 -0.9128452 -0.02822333
vn -0.9513691 -0.3080531 0
vn 0.9513691 -0.3080531 0
vn 0.4073292 -0.9128452 -0.02822333
vn 0.9513691 -0.3080531 0
vn 0.4073292 -0.9128452 -0.02822333
vn -0.0009721461 0.0009721461 0.9999991
vn -0.0009721461 0.0009721461 0.9999991
vn -0.0009721461 0.0009721461 0.9999991
vn -0.0009721461 0.0009721461 0.9999991
vn -0.0009721461 0.0009721461 0.9999991
vn -0.0009721461 0.0009721461 0.9999991
vn -0.0009721461 0.0009721461 0.9999991
vn -0.0009721461 0.0009721461 0.9999991
vn -0.0009721461 0.0009721461 0.9999991
vn -0.0009721461 0.0009721461 0.9999991
vn -0.0009721461 0.0009721461 -0.9999991
vn -0.0009721461 0.0009721461 -0.9999991
vn -0.0009721461 0.0009721461 -0.9999991
vn -0.0009721461 0.0009721461 -0.9999991
vn -0.0009721461 0.0009721461 -0.9999991
vn -0.0009721461 0.0009721461 -0.9999991
vn -0.9513691 -0.3080531 0
vn -0.9945055 0.1040196 -0.0117799
vn -0.9513691 -0.3080531 0
vn -0.9945055 0.1040196 -0.0117799
vn -0.0009721461 0.0009721461 -0.9999991
vn -0.0009721461 0.0009721461 -0.9999991
vn -0.0009721461 0.0009721461 -0.9999991
vn -0.0009721461 0.0009721461 -0.9999991
vn -0.0009721461 0.0009721461 -0.9999991
vn -0.0009721461 0.0009721461 -0.9999991
vn 0.8910988 0.4538093 0
vn 0.9945055 0.1040196 -0.0117799
vn 0.8910988 0.4538093 0
vn 0.9945055 0.1040196 -0.0117799
vn -0.9945055 0.1040196 -0.0117799
vn -0.8910988 0.4538093 0
vn -0.9945055 0.1040196 -0.0117799
vn -0.8910988 0.4538093 0
vn 0.8910988 0.4538093 0
vn 0.8910988 0.4538093 0
vn 0.3584582 0.9335458 0
vn 0.3584582 0.9335458 0
vn 0.3584582 0.9335458 0
vn 0.3584582 0.9335458 0
vn -0.3584582 0.9335458 0
vn -0.3584582 0.9335458 0
vn -0.3584582 0.9335458 0
vn -0.3584582 0.9335458 0
vn -0.8910988 0.4538093 0
vn -0.8910988 0.4538093 0
vn -0.4897361 -0.8572825 -0.1588245
vn -0.7086999 -0.3509286 -0.6120405
vn -0.945259 -0.3040078 0.1185943
vn 0.03225806 -0.3509286 0.9358464
vn -0.1867058 -0.8572825 0.4797996
vn -0.6832845 -0.3040078 0.6638536
vn -0.7086999 0.3509286 -0.6120405
vn -0.4897361 0.8572825 -0.1588245
vn -0.945259 0.3040078 0.1185943
vn 0.03225806 0.3509286 0.9358464
vn -0.6832845 0.3040078 0.6638536
vn -0.1867058 0.8572825 0.4797996
vn 0.1652004 -0.9237537 0.3455257
vn -0.1652004 -0.9237537 -0.3455257
vn -0.1867058 -0.8572825 0.4797996
vn -0.4897361 -0.8572825 -0.1588245
vn -0.1867058 -0.8572825 0.4797996
vn -0.4897361 -0.8572825 -0.1588245
vn -0.6832845 -0.3040078 0.6638536
vn -0.945259 -0.3040078 0.1185943
vn -0.1652004 0.9237537 -0.3455257
vn -0.4897361 0.8572825 -0.1588245
vn -0.3998045 0.3822092 -0.8331101
vn -0.7086999 0.3509286 -0.6120405
vn -0.945259 -0.3040078 0.1185943
vn -0.945259 0.3040078 0.1185943
vn -0.6832845 -0.3040078 0.6638536
vn -0.6832845 0.3040078 0.6638536
vn 0.3998045 -0.3822092 0.8331101
vn 0.03225806 -0.3509286 0.9358464
vn 0.3998045 0.3822092 0.8331101
vn 0.03225806 0.3509286 0.9358464
vn 0.03225806 -0.3509286 0.9358464
vn -0.6832845 -0.3040078 0.6638536
vn 0.03225806 0.3509286 0.9358464
vn -0.6832845 0.3040078 0.6638536
vn 0.3998045 -0.3822092 0.8331101
vn 0.1652004 -0.9237537 0.3455257
vn 0.03225806 -0.3509286 0.9358464
vn -0.1867058 -0.8572825 0.4797996
vn -0.7086999 -0.3509286 -0.6120405
vn -0.7086999 0.3509286 -0.6120405
vn -0.945259 -0.3040078 0.1185943
vn -0.945259 0.3040078 0.1185943
vn -0.1652004 -0.9237537 -0.3455257
vn -0.3998045 -0.3822092 -0.8331101
vn -0.4897361 -0.8572825 -0.1588245
vn -0.7086999 -0.3509286 -0.6120405
vn -0.3998045 -0.3822092 -0.8331101
vn -0.3998045 0.3822092 -0.8331101
vn -0.7086999 -0.3509286 -0.6120405
vn -0.7086999 0.3509286 -0.6120405
vn 0.1652004 0.9237537 0.3455257
vn -0.1867058 0.8572825 0.4797996
vn -0.1652004 0.9237537 -0.3455257
vn -0.4897361 0.8572825 -0.1588245
vn -0.1867058 0.8572825 0.4797996
vn -0.6832845 0.3040078 0.6638536
vn -0.4897361 0.8572825 -0.1588245
vn -0.945259 0.3040078 0.1185943
vn 0.3998045 0.3822092 0.8331101
vn 0.03225806 0.3509286 0.9358464
vn 0.1652004 0.9237537 0.3455257
vn -0.1867058 0.8572825 0.4797996
vn 0.6832845 0.3040078 0.6638536
vn -0.03225806 0.3509286 0.9358464
vn 0.1867058 0.8572825 0.4797996
vn 0.4897361 0.8572825 -0.1588245
vn 0.7086999 0.3509286 -0.6120405
vn 0.945259 0.3040078 0.1185943
vn 0.7086999 -0.3509286 -0.6120405
vn 0.4897361 -0.8572825 -0.1588245
vn 0.945259 -0.3040078 0.1185943
vn 0.1867058 -0.8572825 0.4797996
vn -0.03225806 -0.3509286 0.9358464
vn 0.6832845 -0.3040078 0.6638536
vn 0.7086999 -0.3509286 -0.6120405
vn 0.945259 -0.3040078 0.1185943
vn 0.7086999 0.3509286 -0.6120405
vn 0.945259 0.3040078 0.1185943
vn 0.945259 -0.3040078 0.1185943
vn 0.4897361 -0.8572825 -0.1588245
vn 0.6832845 -0.3040078 0.6638536
vn 0.1867058 -0.8572825 0.4797996
vn 0.1867058 0.8572825 0.4797996
vn -0.03225806 0.3509286 0.9358464
vn -0.1652004 0.9237537 0.3455257
vn -0.3998045 0.3822092 0.8331101
vn 0.4897361 -0.8572825 -0.1588245
vn 0.1652004 -0.9237537 -0.3455257
vn 0.1867058 -0.8572825 0.4797996
vn -0.1652004 -0.9237537 0.3455257
vn 0.4897361 0.8572825 -0.1588245
vn 0.1867058 0.8572825 0.4797996
vn 0.1652004 0.9237537 -0.3455257
vn -0.1652004 0.9237537 0.3455257
vn 0.7086999 0.3509286 -0.6120405
vn 0.4897361 0.8572825 -0.1588245
vn 0.3998045 0.3822092 -0.8331101
vn 0.1652004 0.9237537 -0.3455257
vn 0.945259 0.3040078 0.1185943
vn 0.6832845 0.3040078 0.6638536
vn 0.4897361 0.8572825 -0.1588245
vn 0.1867058 0.8572825 0.4797996
vn -0.3998045 -0.3822092 0.8331101
vn -0.3998045 0.3822092 0.8331101
vn -0.03225806 -0.3509286 0.9358464
vn -0.03225806 0.3509286 0.9358464
vn -0.03225806 -0.3509286 0.9358464
vn -0.03225806 0.3509286 0.9358464
vn 0.6832845 -0.3040078 0.6638536
vn 0.6832845 0.3040078 0.6638536
vn 0.1867058 -0.8572825 0.4797996
vn -0.1652004 -0.9237537 0.3455257
vn -0.03225806 -0.3509286 0.9358464
vn -0.3998045 -0.3822092 0.8331101
vn 0.7086999 -0.3509286 -0.6120405
vn 0.3998045 -0.3822092 -0.8331101
vn 0.4897361 -0.8572825 -0.1588245
vn 0.1652004 -0.9237537 -0.3455257
vn 0.3998045 -0.3822092 -0.8331101
vn 0.7086999 -0.3509286 -0.6120405
vn 0.3998045 0.3822092 -0.8331101
vn 0.7086999 0.3509286 -0.6120405
vn 0.945259 -0.3040078 0.1185943
vn 0.6832845 -0.3040078 0.6638536
vn 0.945259 0.3040078 0.1185943
vn 0.6832845 0.3040078 0.6638536
vn -1.614519e-29 -1.192093e-07 1
vn -1.614519e-29 -1.192093e-07 1
vn -1.614519e-29 -1.192093e-07 1
vn -0.0009775166 -0.9999995 0
vn -0.0009775166 -0.9999995 0
vn -0.0009775166 -0.9999995 0
vn -0.0009775166 -0.9999995 0
vn -0.0009775166 0.9999995 0
vn -0.0009775166 0.9999995 0
vn -0.0009775166 0.9999995 0
vn -0.0009775166 0.9999995 0
vn -0.0009775171 0.0009775171 0.999999
vn -0.0009775171 0.0009775171 0.999999
vn -0.0009775171 0.0009775171 0.999999
vn -0.0009775171 0.0009775171 0.999999
vn -0.0009775171 0.0009775171 -0.999999
vn -0.0009775171 0.0009775171 -0.999999
vn -0.0009775171 0.0009775171 -0.999999
vn -0.0009775171 0.0009775171 -0.999999
vn 0.9999995 0.0009775166 0
vn 0.9999995 0.0009775166 0
vn 0.9999995 0.0009775166 0
vn 0.9999995 0.0009775166 0
vn 0.04236785 -0.9104381 -0.4114699
vn 0.04613388 -0.9160871 -0.3983165
vn -0.09885832 -0.3850767 -0.9175745
vn -0.1007413 -0.3700126 -0.9235485
vn -0.09885832 -0.3850767 -0.9175745
vn -0.1007413 -0.3700126 -0.9235485
vn -0.09885832 0.3850767 -0.9175745
vn -0.1007413 0.3700126 -0.9235485
vn 0.3907257 0.3700126 0.8428666
vn 0.3907257 0.3850767 0.8360917
vn 0.2438505 0.9160871 0.3183101
vn 0.2494996 0.9104381 0.329928
vn -0.1007413 0.3700126 -0.9235485
vn 0.04613388 0.9160871 -0.3983165
vn -0.09885832 0.3850767 -0.9175745
vn 0.04236785 0.9104381 -0.4114699
vn 0.2438505 0.9160871 0.3183101
vn 0.2494996 0.9104381 0.329928
vn 0.04613388 0.9160871 -0.3983165
vn 0.04236785 0.9104381 -0.4114699
vn 0.2438505 -0.9160871 0.3183101
vn 0.04613388 -0.9160871 -0.3983165
vn 0.2494996 -0.9104381 0.329928
vn 0.04236785 -0.9104381 -0.4114699
vn -0.9631625 0.0009415078 0.2689185
vn -0.9631625 0.0009415078 0.2689185
vn -0.9631625 0.0009415078 0.2689185
vn -0.9631625 0.0009415078 0.2689185
vn -0.9631625 0.0009415078 0.2689185
vn -0.9631625 0.0009415078 0.2689185
vn -0.9631625 0.0009415078 0.2689185
vn -0.9631625 0.0009415078 0.2689185
vn 0.3907257 -0.3700126 0.8428666
vn 0.2438505 -0.9160871 0.3183101
vn 0.3907257 -0.3850767 0.8360917
vn 0.2494996 -0.9104381 0.329928
vn 0.3907257 -0.3850767 0.8360917
vn 0.3907257 0.3850767 0.8360917
vn 0.3907257 -0.3700126 0.8428666
vn 0.3907257 0.3700126 0.8428666
vn 0.9631625 0.0009415078 -0.2689185
vn 0.9631625 0.0009415078 -0.2689185
vn 0.9631625 0.0009415078 -0.2689185
vn 0.9631625 0.0009415078 -0.2689185
vn 0.9631625 0.0009415078 -0.2689185
vn 0.9631625 0.0009415078 -0.2689185
vn 0.9631625 0.0009415078 -0.2689185
vn 0.9631625 0.0009415078 -0.2689185
vn -0.9999995 0.0009775166 0
vn -0.9999995 0.0009775166 0
vn -0.9999995 0.0009775166 0
vn -0.9999995 0.0009775166 0
vn -0.0009775166 -0.9999995 0
vn -0.0009775166 -0.9999995 0
vn -0.0009775166 -0.9999995 0
vn -0.0009775166 -0.9999995 0
vn -0.0009775166 0.9999995 0
vn -0.0009775166 0.9999995 0
vn -0.0009775166 0.9999995 0
vn -0.0009775166 0.9999995 0
vn -0.0009775171 0.0009775171 0.999999
vn -0.0009775171 0.0009775171 0.999999
vn -0.0009775171 0.0009775171 0.999999
vn -0.0009775171 0.0009775171 0.999999
vn -0.0009775171 0.0009775171 -0.999999
vn -0.0009775171 0.0009775171 -0.999999
vn -0.0009775171 0.0009775171 -0.999999
vn -0.0009775171 0.0009775171 -0.999999
vn -0.2494996 0.9104381 0.329928
vn -0.3907257 0.3850767 0.8360917
vn -0.2438505 0.9160871 0.3183101
vn -0.3907257 0.3700126 0.8428666
vn -0.9631625 0.0009415078 -0.2689185
vn -0.9631625 0.0009415078 -0.2689185
vn -0.9631625 0.0009415078 -0.2689185
vn -0.9631625 0.0009415078 -0.2689185
vn -0.9631625 0.0009415078 -0.2689185
vn -0.9631625 0.0009415078 -0.2689185
vn -0.9631625 0.0009415078 -0.2689185
vn -0.9631625 0.0009415078 -0.2689185
vn -0.04236785 -0.9104381 -0.4114699
vn 0.09885832 -0.3850767 -0.9175745
vn -0.04613388 -0.9160871 -0.3983165
vn 0.1007413 -0.3700126 -0.9235485
vn -0.3907257 -0.3850767 0.8360917
vn -0.3907257 -0.3700126 0.8428666
vn -0.3907257 0.3850767 0.8360917
vn -0.3907257 0.3700126 0.8428666
vn 0.09885832 -0.3850767 -0.9175745
vn 0.09885832 0.3850767 -0.9175745
vn 0.1007413 -0.3700126 -0.9235485
vn 0.1007413 0.3700126 -0.9235485
vn 0.1007413 0.3700126 -0.9235485
vn 0.09885832 0.3850767 -0.9175745
vn -0.04613388 0.9160871 -0.3983165
vn -0.04236785 0.9104381 -0.4114699
vn -0.04236785 0.9104381 -0.4114699
vn -0.2494996 0.9104381 0.329928
vn -0.04613388 0.9160871 -0.3983165
vn -0.2438505 0.9160871 0.3183101
vn -0.04236785 -0.9104381 -0.4114699
vn -0.04613388 -0.9160871 -0.3983165
vn -0.2494996 -0.9104381 0.329928
vn -0.2438505 -0.9160871 0.3183101
vn 0.9631625 0.0009415078 0.2689185
vn 0.9631625 0.0009415078 0.2689185
vn 0.9631625 0.0009415078 0.2689185
vn 0.9631625 0.0009415078 0.2689185
vn 0.9631625 0.0009415078 0.2689185
vn 0.9631625 0.0009415078 0.2689185
vn 0.9631625 0.0009415078 0.2689185
vn 0.9631625 0.0009415078 0.2689185
vn -0.2494996 -0.9104381 0.329928
vn -0.2438505 -0.9160871 0.3183101
vn -0.3907257 -0.3850767 0.8360917
vn -0.3907257 -0.3700126 0.8428666
vn 0.991524 0.1299238 0
vn 0.9999995 0.0009775166 0
vn 0.9899104 0.141695 0
vn 0.9999995 0.0009775166 0
vn -0.0009775171 0.0009775171 -0.999999
vn -0.0009775171 0.1124145 -0.9936609
vn -0.0009775171 0.0009775171 -0.999999
vn -0.0009775171 0.1124145 -0.9936609
vn -0.0009775171 0.0009775171 0.999999
vn -0.0009775171 0.0009775171 0.999999
vn -0.0009775171 0.0009775171 0.999999
vn -0.0009775171 0.0009775171 0.999999
vn -0.0009775171 0.0009775171 0.999999
vn -0.0009775171 0.0009775171 0.999999
vn -0.0009775171 0.0009775171 0.999999
vn -0.0009775171 0.0009775171 0.999999
vn -0.0009775171 0.0009775171 0.999999
vn -0.9999995 0.0009775166 0
vn -0.991524 0.1299238 0
vn -0.9999995 0.0009775166 0
vn -0.9899104 0.141695 0
vn -0.991524 0.1299238 0
vn -0.9604474 0.2784614 0
vn -0.9899104 0.141695 0
vn -0.9604474 0.2784614 0
vn -0.0009775166 0.9999995 0
vn -0.0009775166 0.9999995 0
vn -0.0009775166 0.9999995 0
vn -0.0009775166 0.9999995 0
vn -0.0009775171 0.1124145 -0.9936609
vn -0.0009775171 0.1124145 -0.9936609
vn -0.0009775171 0.2473118 -0.9689354
vn -0.0009775171 0.2473118 -0.9689354
vn 0.991524 0.1299238 0
vn 0.9899104 0.141695 0
vn 0.9604474 0.2784614 0
vn 0.9604474 0.2784614 0
vn 0.9999995 0.0009775166 0
vn 0.9999995 0.0009775166 0
vn 0.9999995 0.0009775166 0
vn 0.9999995 0.0009775166 0
vn -0.0009775171 -0.8944281 -0.4472106
vn -0.0009775171 -0.5249266 -0.8511469
vn -0.0009775171 -0.8944281 -0.4472106
vn -0.0009775171 -0.5249266 -0.8511469
vn -0.0009775171 -0.5249266 -0.8511469
vn -0.0009775171 -0.5249266 -0.8511469
vn -0.0009775171 0.5249266 -0.8511469
vn -0.0009775171 0.5249266 -0.8511469
vn -0.0009775171 0.5249266 -0.8511469
vn -0.0009775171 0.8944281 -0.4472106
vn -0.0009775171 0.5249266 -0.8511469
vn -0.0009775171 0.8944281 -0.4472106
vn -0.9999995 0.0009775166 0
vn -0.9999995 0.0009775166 0
vn -0.9999995 0.0009775166 0
vn -0.9999995 0.0009775166 0
f 3/3/3 2/2/2 1/1/1
f 2/2/2 3/3/3 4/4/4
f 7/7/7 6/6/6 5/5/5
f 6/6/6 7/7/7 8/8/8
f 11/11/11 10/10/10 9/9/9
f 10/10/10 11/11/11 12/12/12
f 15/15/15 14/14/14 13/13/13
f 14/14/14 15/15/15 16/16/16
f 19/19/19 18/18/18 17/17/17
f 18/18/18 19/19/19 20/20/20
f 20/20/20 19/19/19 21/21/21
f 20/20/20 21/21/21 22/22/22
f 22/22/22 21/21/21 23/23/23
f 22/22/22 23/23/23 24/24/24
f 27/27/27 26/26/26 25/25/25
f 26/26/26 27/27/27 28/28/28
f 31/31/31 30/30/30 29/29/29
f 30/30/30 31/31/31 32/32/32
f 35/35/35 34/34/34 33/33/33
f 34/34/34 35/35/35 36/36/36
f 39/39/39 38/38/38 37/37/37
f 38/38/38 39/39/39 40/40/40
f 43/43/43 42/42/42 41/41/41
f 42/42/42 43/43/43 44/44/44
f 47/47/47 46/46/46 45/45/45
f 46/46/46 47/47/47 48/48/48
f 51/51/51 50/50/50 49/49/49
f 50/50/50 51/51/51 52/52/52
f 55/55/55 54/54/54 53/53/53
f 54/54/54 55/55/55 56/56/56
f 59/59/59 58/58/58 57/57/57
f 58/58/58 59/59/59 60/60/60
f 60/60/60 59/59/59 61/61/61
f 60/60/60 61/61/61 62/62/62
f 62/62/62 61/61/61 63/63/63
f 62/62/62 63/63/63 64/64/64
f 67/67/67 66/66/66 65/65/65
f 66/66/66 67/67/67 68/68/68
f 71/71/71 70/70/70 69/69/69
f 70/70/70 71/71/71 72/72/72
f 75/75/75 74/74/74 73/73/73
f 74/74/74 75/75/75 76/76/76
f 79/79/79 78/78/78 77/77/77
f 78/78/78 79/79/79 80/80/80
f 83/83/83 82/82/82 81/81/81
f 82/82/82 83/83/83 84/84/84
f 84/84/84 83/83/83 85/85/85
f 84/84/84 85/85/85 86/86/86
f 86/86/86 85/85/85 87/87/87
f 86/86/86 87/87/87 88/88/88
f 91/91/91 90/90/90 89/89/89
f 90/90/90 91/91/91 92/92/92
f 92/92/92 91/91/91 93/93/93
f 92/92/92 93/93/93 94/94/94
f 94/94/94 93/93/93 95/95/95
f 94/94/94 95/95/95 96/96/96
f 99/99/99 98/98/98 97/97/97
f 98/98/98 99/99/99 100/100/100
f 103/103/103 102/102/102 101/101/101
f 102/102/102 103/103/103 104/104/104
f 107/107/107 106/106/106 105/105/105
f 106/106/106 107/107/107 108/108/108
f 111/111/111 110/110/110 109/109/109
f 110/110/110 111/111/111 112/112/112
f 115/115/115 114/114/114 113/113/113
f 114/114/114 115/115/115 116/116/116
f 119/119/119 118/118/118 117/117/117
f 118/118/118 119/119/119 120/120/120
f 123/123/123 122/122/122 121/121/121
f 122/122/122 123/123/123 124/124/124
f 127/127/127 126/126/126 125/125/125
f 126/126/126 127/127/127 128/128/128
f 131/131/131 130/130/130 129/129/129
f 130/130/130 131/131/131 132/132/132
f 132/132/132 131/131/131 133/133/133
f 132/132/132 133/133/133 134/134/134
f 134/134/134 133/133/133 135/135/135
f 134/134/134 135/135/135 136/136/136
f 139/139/139 138/138/138 137/137/137
f 138/138/138 139/139/139 140/140/140
f 143/143/143 142/142/142 141/141/141
f 142/142/142 143/143/143 144/144/144
f 147/147/147 146/146/146 145/145/145
f 146/146/146 147/147/147 148/148/148
f 151/151/151 150/150/150 149/149/149
f 150/150/150 151/151/151 152/152/152
f 155/155/155 154/154/154 153/153/153
f 154/154/154 155/155/155 156/156/156
f 159/159/159 158/158/158 157/157/157
f 158/158/158 159/159/159 160/160/160
f 160/160/160 159/159/159 161/161/161
f 160/160/160 161/161/161 162/162/162
f 162/162/162 161/161/161 163/163/163
f 162/162/162 163/163/163 164/164/164
f 167/167/167 166/166/166 165/165/165
f 166/166/166 167/167/167 168/168/168
f 171/171/171 170/170/170 169/169/169
f 170/170/170 171/171/171 172/172/172
f 175/175/175 174/174/174 173/173/173
f 174/174/174 175/175/175 176/176/176
f 179/179/179 178/178/178 177/177/177
f 182/182/182 181/181/181 180/180/180
f 185/185/185 184/184/184 183/183/183
f 188/188/188 187/187/187 186/186/186
f 191/191/191 190/190/190 189/189/189
f 194/194/194 193/193/193 192/192/192
f 197/197/197 196/196/196 195/195/195
f 200/200/200 199/199/199 198/198/198
f 199/199/199 200/200/200 201/201/201
f 204/204/204 203/203/203 202/202/202
f 203/203/203 204/204/204 205/205/205
f 208/208/208 207/207/207 206/206/206
f 207/207/207 208/208/208 209/209/209
f 212/212/212 211/211/211 210/210/210
f 211/211/211 212/212/212 213/213/213
f 216/216/216 215/215/215 214/214/214
f 215/215/215 216/216/216 217/217/217
f 220/220/220 219/219/219 218/218/218
f 219/219/219 220/220/220 221/221/221
f 224/224/224 223/223/223 222/222/222
f 223/223/223 224/224/224 225/225/225
f 228/228/228 227/227/227 226/226/226
f 227/227/227 228/228/228 229/229/229
f 232/232/232 231/231/231 230/230/230
f 231/231/231 232/232/232 233/233/233
f 236/236/236 235/235/235 234/234/234
f 235/235/235 236/236/236 237/237/237
f 240/240/240 239/239/239 238/238/238
f 239/239/239 240/240/240 241/241/241
f 244/244/244 243/243/243 242/242/242
f 247/247/247 246/246/246 245/245/245
f 250/250/250 249/249/249 248/248/248
f 253/253/253 252/252/252 251/251/251
f 256/256/256 255/255/255 254/254/254
f 259/259/259 258/258/258 257/257/257
f 262/262/262 261/261/261 260/260/260
f 265/265/265 264/264/264 263/263/263
f 264/264/264 265/265/265 266/266/266
f 269/269/269 268/268/268 267/267/267
f 268/268/268 269/269/269 270/270/270
f 273/273/273 272/272/272 271/271/271
f 272/272/272 273/273/273 274/274/274
f 277/277/277 276/276/276 275/275/275
f 276/276/276 277/277/277 278/278/278
f 281/281/281 280/280/280 279/279/279
f 280/280/280 281/281/281 282/282/282
f 285/285/285 284/284/284 283/283/283
f 284/284/284 285/285/285 286/286/286
f 289/289/289 288/288/288 287/287/287
f 288/288/288 289/289/289 290/290/290
f 293/293/293 292/292/292 291/291/291
f 292/292/292 293/293/293 294/294/294
f 297/297/297 296/296/296 295/295/295
f 296/296/296 297/297/297 298/298/298
f 301/301/301 300/300/300 299/299/299
f 300/300/300 301/301/301 302/302/302
f 305/305/305 304/304/304 303/303/303
f 304/304/304 305/305/305 306/306/306
f 309/309/309 308/308/308 307/307/307
f 308/308/308 309/309/309 310/310/310
f 310/310/310 309/309/309 311/311/311
f 310/310/310 311/311/311 312/312/312
f 312/312/312 311/311/311 313/313/313
f 312/312/312 313/313/313 314/314/314
f 314/314/314 313/313/313 315/315/315
f 318/318/318 317/317/317 316/316/316
f 317/317/317 319/319/319 316/316/316
f 317/317/317 318/318/318 320/320/320
f 319/319/319 317/317/317 321/321/321
f 318/318/318 322/322/322 320/320/320
f 321/321/321 323/323/323 319/319/319
f 322/322/322 318/318/318 324/324/324
f 323/323/323 321/321/321 325/325/325
f 324/324/324 326/326/326 322/322/322
f 326/326/326 324/324/324 327/327/327
f 327/327/327 328/328/328 326/326/326
f 328/328/328 327/327/327 329/329/329
f 325/325/325 330/330/330 323/323/323
f 330/330/330 325/325/325 331/331/331
f 329/329/329 332/332/332 328/328/328
f 332/332/332 330/330/330 331/331/331
f 332/332/332 329/329/329 333/333/333
f 330/330/330 332/332/332 333/333/333
f 336/336/336 335/335/335 334/334/334
f 335/335/335 336/336/336 337/337/337
f 337/337/337 336/336/336 338/338/338
f 337/337/337 338/338/338 339/339/339
f 339/339/339 338/338/338 340/340/340
f 339/339/339 340/340/340 341/341/341
f 341/341/341 340/340/340 342/342/342
f 345/345/345 344/344/344 343/343/343
f 346/346/346 345/345/345 343/343/343
f 344/344/344 345/345/345 347/347/347
f 345/345/345 346/346/346 348/348/348
f 347/347/347 349/349/349 344/344/344
f 346/346/346 350/350/350 348/348/348
f 349/349/349 347/347/347 351/351/351
f 350/350/350 346/346/346 352/352/352
f 351/351/351 353/353/353 349/349/349
f 352/352/352 354/354/354 350/350/350
f 353/353/353 351/351/351 355/355/355
f 354/354/354 352/352/352 356/356/356
f 355/355/355 357/357/357 353/353/353
f 357/357/357 355/355/355 358/358/358
f 356/356/356 359/359/359 354/354/354
f 359/359/359 357/357/357 358/358/358
f 359/359/359 356/356/356 360/360/360
f 357/357/357 359/359/359 360/360/360
f 363/363/363 362/362/362 361/361/361
f 362/362/362 363/363/363 364/364/364
f 367/367/367 366/366/366 365/365/365
f 366/366/366 367/367/367 368/368/368
f 368/368/368 367/367/367 369/369/369
f 368/368/368 369/369/369 370/370/370
f 370/370/370 369/369/369 371/371/371
f 370/370/370 371/371/371 372/372/372
f 375/375/375 374/374/374 373/373/373
f 374/374/374 375/375/375 376/376/376
f 379/379/379 378/378/378 377/377/377
f 378/378/378 379/379/379 380/380/380
f 383/383/383 382/382/382 381/381/381
f 382/382/382 383/383/383 384/384/384
f 387/387/387 386/386/386 385/385/385
f 386/386/386 387/387/387 388/388/388
f 388/388/388 387/387/387 389/389/389
f 388/388/388 389/389/389 390/390/390
f 390/390/390 389/389/389 391/391/391
f 390/390/390 391/391/391 392/392/392
f 395/395/395 394/394/394 393/393/393
f 394/394/394 395/395/395 396/396/396
f 399/399/399 398/398/398 397/397/397
f 398/398/398 399/399/399 400/400/400
f 403/403/403 402/402/402 401/401/401
f 402/402/402 403/403/403 404/404/404
f 407/407/407 406/406/406 405/405/405
f 406/406/406 407/407/407 408/408/408
f 411/411/411 410/410/410 409/409/409
f 410/410/410 411/411/411 412/412/412
f 415/415/415 414/414/414 413/413/413
f 414/414/414 415/415/415 416/416/416
f 419/419/419 418/418/418 417/417/417
f 418/418/418 419/419/419 420/420/420
f 420/420/420 419/419/419 421/421/421
f 424/424/424 423/423/423 422/422/422
f 423/423/423 424/424/424 425/425/425
f 428/428/428 427/427/427 426/426/426
f 427/427/427 428/428/428 429/429/429
f 432/432/432 431/431/431 430/430/430
f 431/431/431 432/432/432 433/433/433
f 431/431/431 433/433/433 434/434/434
f 437/437/437 436/436/436 435/435/435
f 436/436/436 437/437/437 438/438/438
f 441/441/441 440/440/440 439/439/439
f 440/440/440 441/441/441 442/442/442
f 445/445/445 444/444/444 443/443/443
f 444/444/444 445/445/445 446/446/446
f 449/449/449 448/448/448 447/447/447
f 448/448/448 449/449/449 450/450/450
f 450/450/450 449/449/449 451/451/451
f 454/454/454 453/453/453 452/452/452
f 453/453/453 454/454/454 455/455/455
f 458/458/458 457/457/457 456/456/456
f 457/457/457 458/458/458 459/459/459
f 462/462/462 461/461/461 460/460/460
f 461/461/461 462/462/462 463/463/463
f 461/461/461 463/463/463 464/464/464
f 467/467/467 466/466/466 465/465/465
f 466/466/466 467/467/467 468/468/468
f 471/471/471 470/470/470 469/469/469
f 470/470/470 471/471/471 472/472/472
f 470/470/470 472/472/472 473/473/473
f 473/473/473 472/472/472 474/474/474
f 473/473/473 474/474/474 475/475/475
f 475/475/475 474/474/474 476/476/476
f 479/479/479 478/478/478 477/477/477
f 478/478/478 479/479/479 480/480/480
f 480/480/480 479/479/479 481/481/481
f 480/480/480 481/481/481 482/482/482
f 482/482/482 481/481/481 483/483/483
f 482/482/482 483/483/483 484/484/484
f 487/487/487 486/486/486 485/485/485
f 486/486/486 487/487/487 488/488/488
f 491/491/491 490/490/490 489/489/489
f 490/490/490 491/491/491 492/492/492
f 495/495/495 494/494/494 493/493/493
f 494/494/494 495/495/495 496/496/496
f 499/499/499 498/498/498 497/497/497
f 498/498/498 499/499/499 500/500/500
f 503/503/503 502/502/502 501/501/501
f 502/502/502 503/503/503 504/504/504
f 507/507/507 506/506/506 505/505/505
f 506/506/506 507/507/507 508/508/508
f 511/511/511 510/510/510 509/509/509
f 510/510/510 511/511/511 512/512/512
f 515/515/515 514/514/514 513/513/513
f 514/514/514 515/515/515 516/516/516
f 519/519/519 518/518/518 517/517/517
f 518/518/518 519/519/519 520/520/520
f 523/523/523 522/522/522 521/521/521
f 522/522/522 523/523/523 524/524/524
f 527/527/527 526/526/526 525/525/525
f 526/526/526 527/527/527 528/528/528
f 531/531/531 530/530/530 529/529/529
f 530/530/530 531/531/531 532/532/532
f 535/535/535 534/534/534 533/533/533
f 534/534/534 535/535/535 536/536/536
f 536/536/536 535/535/535 537/537/537
f 536/536/536 537/537/537 538/538/538
f 538/538/538 537/537/537 539/539/539
f 538/538/538 539/539/539 540/540/540
f 540/540/540 539/539/539 541/541/541
f 540/540/540 541/541/541 542/542/542
f 545/545/545 544/544/544 543/543/543
f 544/544/544 545/545/545 546/546/546
f 546/546/546 545/545/545 547/547/547
f 546/546/546 547/547/547 548/548/548
f 551/551/551 550/550/550 549/549/549
f 550/550/550 551/551/551 552/552/552
f 555/555/555 554/554/554 553/553/553
f 554/554/554 555/555/555 556/556/556
f 556/556/556 555/555/555 557/557/557
f 556/556/556 557/557/557 558/558/558
f 561/561/561 560/560/560 559/559/559
f 560/560/560 561/561/561 562/562/562
f 565/565/565 564/564/564 563/563/563
f 564/564/564 565/565/565 566/566/566
f 569/569/569 568/568/568 567/567/567
f 568/568/568 569/569/569 570/570/570
f 573/573/573 572/572/572 571/571/571
f 572/572/572 573/573/573 574/574/574
f 577/577/577 576/576/576 575/575/575
f 576/576/576 577/577/577 578/578/578
f 581/581/581 580/580/580 579/579/579
f 584/584/584 583/583/583 582/582/582
f 587/587/587 586/586/586 585/585/585
f 590/590/590 589/589/589 588/588/588
f 593/593/593 592/592/592 591/591/591
f 592/592/592 593/593/593 594/594/594
f 597/597/597 596/596/596 595/595/595
f 596/596/596 597/597/597 598/598/598
f 601/601/601 600/600/600 599/599/599
f 600/600/600 601/601/601 602/602/602
f 605/605/605 604/604/604 603/603/603
f 604/604/604 605/605/605 606/606/606
f 609/609/609 608/608/608 607/607/607
f 608/608/608 609/609/609 610/610/610
f 613/613/613 612/612/612 611/611/611
f 612/612/612 613/613/613 614/614/614
f 617/617/617 616/616/616 615/615/615
f 616/616/616 617/617/617 618/618/618
f 621/621/621 620/620/620 619/619/619
f 620/620/620 621/621/621 622/622/622
f 625/625/625 624/624/624 623/623/623
f 624/624/624 625/625/625 626/626/626
f 629/629/629 628/628/628 627/627/627
f 628/628/628 629/629/629 630/630/630
f 633/633/633 632/632/632 631/631/631
f 632/632/632 633/633/633 634/634/634
f 637/637/637 636/636/636 635/635/635
f 636/636/636 637/637/637 638/638/638
f 641/641/641 640/640/640 639/639/639
f 640/640/640 641/641/641 642/642/642
f 645/645/645 644/644/644 643/643/643
f 648/648/648 647/647/647 646/646/646
f 651/651/651 650/650/650 649/649/649
f 654/654/654 653/653/653 652/652/652
f 657/657/657 656/656/656 655/655/655
f 656/656/656 657/657/657 658/658/658
f 661/661/661 660/660/660 659/659/659
f 660/660/660 661/661/661 662/662/662
f 665/665/665 664/664/664 663/663/663
f 664/664/664 665/665/665 666/666/666
f 669/669/669 668/668/668 667/667/667
f 668/668/668 669/669/669 670/670/670
f 673/673/673 672/672/672 671/671/671
f 672/672/672 673/673/673 674/674/674
f 677/677/677 676/676/676 675/675/675
f 676/676/676 677/677/677 678/678/678
f 681/681/681 680/680/680 679/679/679
f 680/680/680 681/681/681 682/682/682
f 685/685/685 684/684/684 683/683/683
f 684/684/684 685/685/685 686/686/686
f 689/689/689 688/688/688 687/687/687
f 688/688/688 689/689/689 690/690/690
f 693/693/693 692/692/692 691/691/691
f 692/692/692 693/693/693 694/694/694
f 697/697/697 696/696/696 695/695/695
f 696/696/696 697/697/697 698/698/698
f 701/701/701 700/700/700 699/699/699
f 700/700/700 701/701/701 702/702/702
f 705/705/705 704/704/704 703/703/703
f 704/704/704 705/705/705 706/706/706
f 709/709/709 708/708/708 707/707/707
f 712/712/712 711/711/711 710/710/710
f 711/711/711 712/712/712 713/713/713
f 716/716/716 715/715/715 714/714/714
f 715/715/715 716/716/716 717/717/717
f 720/720/720 719/719/719 718/718/718
f 719/719/719 720/720/720 721/721/721
f 724/724/724 723/723/723 722/722/722
f 723/723/723 724/724/724 725/725/725
f 728/728/728 727/727/727 726/726/726
f 727/727/727 728/728/728 729/729/729
f 732/732/732 731/731/731 730/730/730
f 731/731/731 732/732/732 733/733/733
f 736/736/736 735/735/735 734/734/734
f 735/735/735 736/736/736 737/737/737
f 740/740/740 739/739/739 738/738/738
f 739/739/739 740/740/740 741/741/741
f 744/744/744 743/743/743 742/742/742
f 743/743/743 744/744/744 745/745/745
f 748/748/748 747/747/747 746/746/746
f 747/747/747 748/748/748 749/749/749
f 752/752/752 751/751/751 750/750/750
f 751/751/751 752/752/752 753/753/753
f 756/756/756 755/755/755 754/754/754
f 755/755/755 756/756/756 757/757/757
f 757/757/757 756/756/756 758/758/758
f 757/757/757 758/758/758 759/759/759
f 759/759/759 758/758/758 760/760/760
f 759/759/759 760/760/760 761/761/761
f 764/764/764 763/763/763 762/762/762
f 763/763/763 764/764/764 765/765/765
f 768/768/768 767/767/767 766/766/766
f 767/767/767 768/768/768 769/769/769
f 772/772/772 771/771/771 770/770/770
f 771/771/771 772/772/772 773/773/773
f 771/771/771 773/773/773 774/774/774
f 774/774/774 773/773/773 775/775/775
f 774/774/774 775/775/775 776/776/776
f 776/776/776 775/775/775 777/777/777
f 780/780/780 779/779/779 778/778/778
f 779/779/779 780/780/780 781/781/781
f 784/784/784 783/783/783 782/782/782
f 783/783/783 784/784/784 785/785/785
f 788/788/788 787/787/787 786/786/786
f 787/787/787 788/788/788 789/789/789
f 792/792/792 791/791/791 790/790/790
f 791/791/791 792/792/792 793/793/793
f 796/796/796 795/795/795 794/794/794
f 795/795/795 796/796/796 797/797/797
f 800/800/800 799/799/799 798/798/798
f 799/799/799 800/800/800 801/801/801
f 804/804/804 803/803/803 802/802/802
f 803/803/803 804/804/804 805/805/805
f 805/805/805 804/804/804 806/806/806
f 805/805/805 806/806/806 807/807/807
f 807/807/807 806/806/806 808/808/808
f 807/807/807 808/808/808 809/809/809
f 812/812/812 811/811/811 810/810/810
f 811/811/811 812/812/812 813/813/813
f 816/816/816 815/815/815 814/814/814
f 815/815/815 816/816/816 817/817/817
f 820/820/820 819/819/819 818/818/818
f 819/819/819 820/820/820 821/821/821
f 824/824/824 823/823/823 822/822/822
f 823/823/823 824/824/824 825/825/825
f 828/828/828 827/827/827 826/826/826
f 827/827/827 828/828/828 829/829/829
f 832/832/832 831/831/831 830/830/830
f 831/831/831 832/832/832 833/833/833
f 836/836/836 835/835/835 834/834/834
f 835/835/835 836/836/836 837/837/837
f 835/835/835 837/837/837 838/838/838
f 838/838/838 837/837/837 839/839/839
f 838/838/838 839/839/839 840/840/840
f 840/840/840 839/839/839 841/841/841
f 844/844/844 843/843/843 842/842/842
f 843/843/843 844/844/844 845/845/845
f 848/848/848 847/847/847 846/846/846
f 847/847/847 848/848/848 849/849/849
f 852/852/852 851/851/851 850/850/850
f 851/851/851 852/852/852 853/853/853
f 856/856/856 855/855/855 854/854/854
f 855/855/855 856/856/856 857/857/857
f 857/857/857 856/856/856 858/858/858
f 858/858/858 856/856/856 859/859/859
f 858/858/858 859/859/859 860/860/860
f 858/858/858 861/861/861 857/857/857
f 861/861/861 858/858/858 862/862/862
f 865/865/865 864/864/864 863/863/863
f 864/864/864 865/865/865 866/866/866
f 869/869/869 868/868/868 867/867/867
f 868/868/868 869/869/869 870/870/870
f 873/873/873 872/872/872 871/871/871
f 872/872/872 873/873/873 874/874/874
f 877/877/877 876/876/876 875/875/875
f 876/876/876 877/877/877 878/878/878
f 881/881/881 880/880/880 879/879/879
f 880/880/880 881/881/881 882/882/882
f 885/885/885 884/884/884 883/883/883
f 884/884/884 885/885/885 886/886/886
f 889/889/889 888/888/888 887/887/887
f 888/888/888 889/889/889 890/890/890
f 893/893/893 892/892/892 891/891/891
f 892/892/892 893/893/893 894/894/894
f 897/897/897 896/896/896 895/895/895
f 896/896/896 897/897/897 898/898/898
f 901/901/901 900/900/900 899/899/899
f 900/900/900 901/901/901 902/902/902

usemtl colormap
v 0.1500001 0.5078106 0.02263895
v 0.1666878 0.5078106 0.03932664
v 0.1500001 0.4842105 0.05601433
v 0.1666878 0.4134103 0.03932664
v 0.1500001 0.4134103 0.02263895
v 0.1500001 0.4370103 0.05601433
v -0.1500001 0.5078106 0.02263895
v -0.1500001 0.4842105 0.05601433
v -0.1666878 0.5078106 0.03932664
v -0.1500001 0.4370103 0.05601433
v -0.1500001 0.4134103 0.02263895
v -0.1666878 0.4134103 0.03932664
v 0.2167509 0.4842105 -0.01073685
v 0.2167509 0.4370103 -0.01073685
v 0.2000632 0.5078106 0.00595084
v 0.2000632 0.4134103 0.00595084
v 0.1666878 0.4134103 0.03932664
v 0.1666878 0.5078106 0.03932664
v 0.1500001 0.4370103 0.05601433
v 0.1500001 0.4842105 0.05601433
v 0.2000632 0.5078106 0.00595084
v 0.1666878 0.5078106 0.03932664
v 0.1666878 0.5078106 -0.02742454
v 0.1500001 0.5078106 0.02263895
v 0.1500001 0.5078106 -0.01073685
v 0.2000632 0.4134103 0.00595084
v 0.1666878 0.4134103 -0.02742454
v 0.1666878 0.4134103 0.03932664
v 0.1500001 0.4134103 0.02263895
v 0.1500001 0.4134103 -0.01073685
v 0.1833755 0.4842105 -0.04411224
v 0.1666878 0.5078106 -0.02742454
v 0.1833755 0.4370103 -0.04411224
v 0.1666878 0.4134103 -0.02742454
v 0.1500001 0.4134103 -0.01073685
v 0.1500001 0.5078106 -0.01073685
v 0.1833755 0.4370103 -0.04411224
v 0.2167509 0.4370103 -0.01073685
v 0.1833755 0.4842105 -0.04411224
v 0.2167509 0.4842105 -0.01073685
v 0.2167509 0.4842105 -0.01073685
v 0.2000632 0.5078106 0.00595084
v 0.1833755 0.4842105 -0.04411224
v 0.1666878 0.5078106 -0.02742454
v 0.2167509 0.4370103 -0.01073685
v 0.1833755 0.4370103 -0.04411224
v 0.2000632 0.4134103 0.00595084
v 0.1666878 0.4134103 -0.02742454
v -0.1500001 0.5078106 -0.01073685
v -0.1500001 0.5078106 0.02263895
v -0.1666878 0.5078106 -0.02742454
v -0.1666878 0.5078106 0.03932664
v -0.2000632 0.5078106 0.00595084
v -0.2167509 0.4370103 -0.01073685
v -0.2167509 0.4842105 -0.01073685
v -0.2000632 0.4134103 0.00595084
v -0.2000632 0.5078106 0.00595084
v -0.1666878 0.4134103 0.03932664
v -0.1666878 0.5078106 0.03932664
v -0.1500001 0.4370103 0.05601433
v -0.1500001 0.4842105 0.05601433
v -0.1833755 0.4370103 -0.04411224
v -0.1833755 0.4842105 -0.04411224
v -0.2167509 0.4370103 -0.01073685
v -0.2167509 0.4842105 -0.01073685
v -0.1833755 0.4842105 -0.04411224
v -0.1833755 0.4370103 -0.04411224
v -0.1666878 0.5078106 -0.02742454
v -0.1666878 0.4134103 -0.02742454
v -0.1500001 0.5078106 -0.01073685
v -0.1500001 0.4134103 -0.01073685
v -0.1666878 0.5078106 -0.02742454
v -0.2000632 0.5078106 0.00595084
v -0.1833755 0.4842105 -0.04411224
v -0.2167509 0.4842105 -0.01073685
v -0.1500001 0.4134103 -0.01073685
v -0.1666878 0.4134103 -0.02742454
v -0.1500001 0.4134103 0.02263895
v -0.1666878 0.4134103 0.03932664
v -0.2000632 0.4134103 0.00595084
v -0.1666878 0.4134103 -0.02742454
v -0.1833755 0.4370103 -0.04411224
v -0.2000632 0.4134103 0.00595084
v -0.2167509 0.4370103 -0.01073685
v -0.1600001 0.6144501 -0.1223612
v -0.1200001 0.661325 -0.09236114
v -0.1600001 0.6144501 0.117639
v -0.1200001 0.661325 0.08763888
v -0.1600001 0.3932501 -0.1223612
v -0.1600001 0.3932501 0.117639
v -0.1453552 0.3578947 -0.1162951
v -0.1453552 0.3578947 0.1115728
v -0.09928913 0.3578947 -0.1623612
v -0.1200001 0.3932501 -0.1623612
v -0.1453552 0.3578947 -0.1162951
v -0.1600001 0.3932501 -0.1223612
v -0.1200001 0.6144501 -0.1623612
v 0.12 0.6144501 -0.1623612
v -0.09000006 0.661325 -0.1223612
v 0.08999997 0.661325 -0.1223612
v -0.09000006 0.661325 -0.1223612
v -0.1200001 0.661325 -0.09236114
v -0.1200001 0.6144501 -0.1623612
v -0.1600001 0.6144501 -0.1223612
v 0.12 0.661325 0.08763888
v 0.08999997 0.661325 0.117639
v 0.12 0.661325 -0.09236114
v 0.08999997 0.661325 -0.1223612
v -0.09000006 0.661325 0.117639
v -0.09000006 0.661325 -0.1223612
v -0.1200001 0.661325 0.08763888
v -0.1200001 0.661325 -0.09236114
v 0.16 0.6144501 -0.1223612
v 0.16 0.6144501 0.117639
v 0.12 0.661325 -0.09236114
v 0.12 0.661325 0.08763888
v -0.1200001 0.6144501 0.1576389
v -0.09000006 0.661325 0.117639
v 0.12 0.6144501 0.1576389
v 0.08999997 0.661325 0.117639
v 0.1453551 0.3578947 0.1115728
v 0.1453551 0.3578947 -0.1162951
v 0.1100002 0.3432498 0.09692796
v 0.1100002 0.3432498 -0.1016507
v 0.16 0.6144501 0.117639
v 0.12 0.6144501 0.1576389
v 0.12 0.661325 0.08763888
v 0.08999997 0.661325 0.117639
v 0.16 0.3932501 -0.1223612
v 0.1453551 0.3578947 -0.1162951
v 0.16 0.3932501 0.117639
v 0.1453551 0.3578947 0.1115728
v 0.1453551 0.3578947 -0.1162951
v 0.0992895 0.3578947 -0.1623612
v 0.1100002 0.3432498 -0.1016507
v 0.04928922 0.3432498 -0.1623612
v 0.1100002 0.3432498 0.09692796
v 0.1100002 0.3432498 -0.1016507
v 0.04928922 0.3432498 0.1576389
v 0.04928922 0.3432498 -0.1623612
v -0.04928931 0.3432498 0.1576389
v -0.04928931 0.3432498 -0.1623612
v -0.1099998 0.3432498 0.09692796
v -0.1099998 0.3432498 -0.1016507
v -0.1200001 0.3932501 -0.1623612
v -0.1200001 0.6144501 -0.1623612
v -0.1600001 0.3932501 -0.1223612
v -0.1600001 0.6144501 -0.1223612
v -0.1099998 0.3432498 0.09692796
v -0.1099998 0.3432498 -0.1016507
v -0.1453552 0.3578947 0.1115728
v -0.1453552 0.3578947 -0.1162951
v -0.04928931 0.3432498 -0.1623612
v -0.09928913 0.3578947 -0.1623612
v -0.1099998 0.3432498 -0.1016507
v -0.1453552 0.3578947 -0.1162951
v -0.1600001 0.6144501 -0.1223612
v -0.1600001 0.6144501 0.117639
v -0.1600001 0.3932501 -0.1223612
v -0.1600001 0.3932501 0.117639
v 0.04928922 0.3432498 -0.1623612
v 0.0992895 0.3578947 -0.1623612
v -0.04928931 0.3432498 -0.1623612
v -0.09928913 0.3578947 -0.1623612
v 0.12 0.3932501 -0.1623612
v -0.1200001 0.3932501 -0.1623612
v -0.1200001 0.6144501 -0.1623612
v 0.12 0.6144501 -0.1623612
v 0.12 0.3932501 -0.1623612
v 0.16 0.3932501 -0.1223612
v 0.12 0.6144501 -0.1623612
v 0.16 0.6144501 -0.1223612
v 0.16 0.3932501 -0.1223612
v 0.16 0.3932501 0.117639
v 0.16 0.6144501 -0.1223612
v 0.16 0.6144501 0.117639
v 0.16 0.6144501 -0.1223612
v 0.12 0.661325 -0.09236114
v 0.12 0.6144501 -0.1623612
v 0.08999997 0.661325 -0.1223612
v 0.0992895 0.3578947 -0.1623612
v 0.1453551 0.3578947 -0.1162951
v 0.12 0.3932501 -0.1623612
v 0.16 0.3932501 -0.1223612
v -0.09000006 0.661325 0.117639
v -0.1200001 0.6144501 0.1576389
v -0.1200001 0.661325 0.08763888
v -0.1600001 0.6144501 0.117639
v 0.1453551 0.3578947 0.1115728
v 0.0992895 0.3578947 0.1576389
v 0.16 0.3932501 0.117639
v 0.12 0.3932501 0.1576389
v -0.1453552 0.3578947 0.1115728
v -0.1600001 0.3932501 0.117639
v -0.09928913 0.3578947 0.1576389
v -0.1200001 0.3932501 0.1576389
v 0.04928922 0.3432498 0.1576389
v -0.04928931 0.3432498 0.1576389
v 0.0992895 0.3578947 0.1576389
v -0.09928913 0.3578947 0.1576389
v 0.12 0.3932501 0.1576389
v -0.1200001 0.3932501 0.1576389
v 0.12 0.6144501 0.1576389
v -0.1200001 0.6144501 0.1576389
v -0.1600001 0.3932501 0.117639
v -0.1600001 0.6144501 0.117639
v -0.1200001 0.3932501 0.1576389
v -0.1200001 0.6144501 0.1576389
v 0.1453551 0.3578947 0.1115728
v 0.1100002 0.3432498 0.09692796
v 0.0992895 0.3578947 0.1576389
v 0.04928922 0.3432498 0.1576389
v -0.04928931 0.3432498 0.1576389
v -0.1099998 0.3432498 0.09692796
v -0.09928913 0.3578947 0.1576389
v -0.1453552 0.3578947 0.1115728
v 0.16 0.6144501 0.117639
v 0.16 0.3932501 0.117639
v 0.12 0.6144501 0.1576389
v 0.12 0.3932501 0.1576389
v 0.17 0.6244499 -0.1323612
v 0.17 0.3932499 -0.1323612
v 0.17 0.6244499 0.1276387
v 0.17 0.3932499 0.004801881
v 0.17 0.3738531 0.01283631
v 0.17 0.3570309 0.05344862
v 0.17 0.3738531 0.09406093
v 0.17 0.4144654 0.1108832
v 0.17 0.5644501 0.1276387
v -0.1 0.671325 0.1276387
v -0.1299999 0.6244499 0.1676387
v -0.1299999 0.671325 0.09763886
v -0.1699999 0.6244499 0.1276387
v -0.1299999 0.6244499 0.1676387
v -0.1 0.671325 0.1276387
v 0.13 0.6244499 0.1676387
v 0.1000002 0.671325 0.1276387
v -0.1 0.671325 -0.1323612
v -0.1299999 0.671325 -0.1023614
v -0.1299999 0.6244499 -0.1723612
v -0.1699999 0.6244499 -0.1323612
v -0.1699999 0.6244499 -0.1323612
v -0.1299999 0.671325 -0.1023614
v -0.1699999 0.6244499 0.1276387
v -0.1299999 0.671325 0.09763886
v 0.17 0.6244499 -0.1323612
v 0.17 0.6244499 0.1276387
v 0.13 0.671325 -0.1023614
v 0.13 0.671325 0.09763886
v 0.17 0.6244499 -0.1323612
v 0.13 0.671325 -0.1023614
v 0.13 0.6244499 -0.1723612
v 0.1000002 0.671325 -0.1323612
v 0.13 0.671325 0.09763886
v 0.1000002 0.671325 0.1276387
v 0.13 0.671325 -0.1023614
v 0.1000002 0.671325 -0.1323612
v -0.1 0.671325 0.1276387
v -0.1 0.671325 -0.1323612
v -0.1299999 0.671325 0.09763886
v -0.1299999 0.671325 -0.1023614
v -0.1299999 0.6244499 -0.1723612
v 0.13 0.6244499 -0.1723612
v -0.1 0.671325 -0.1323612
v 0.1000002 0.671325 -0.1323612
v 0.17 0.6244499 0.1276387
v 0.13 0.6244499 0.1676387
v 0.13 0.671325 0.09763886
v 0.1000002 0.671325 0.1276387
v 0.13 0.3932499 -0.1723612
v 0.17 0.3932499 -0.1323612
v 0.13 0.6244499 -0.1723612
v 0.17 0.6244499 -0.1323612
v -0.1299999 0.3932499 -0.1723612
v 0.13 0.3932499 -0.1723612
v -0.1299999 0.6244499 -0.1723612
v 0.13 0.6244499 -0.1723612
v -0.1299999 0.3932499 -0.1723612
v -0.1299999 0.6244499 -0.1723612
v -0.1699999 0.3932499 -0.1323612
v -0.1699999 0.6244499 -0.1323612
v 0.17 0.3932499 0.004801881
v 0.17 0.3932499 -0.1323612
v -0.1699999 0.3932499 0.004801881
v 0.13 0.3932499 -0.1723612
v -0.1299999 0.3932499 -0.1723612
v -0.1699999 0.3932499 -0.1323612
v 0.17 0.5644501 0.1276387
v -0.1699999 0.5644501 0.1276387
v 0.13 0.5644501 0.1676387
v -0.1299999 0.5644501 0.1676387
v 0.17 0.5644501 0.1276387
v 0.13 0.5644501 0.1676387
v 0.17 0.6244499 0.1276387
v 0.13 0.6244499 0.1676387
v -0.1299999 0.5644501 0.1676387
v -0.1299999 0.6244499 0.1676387
v 0.13 0.5644501 0.1676387
v 0.13 0.6244499 0.1676387
v -0.1699999 0.5644501 0.1276387
v -0.1699999 0.6244499 0.1276387
v -0.1299999 0.5644501 0.1676387
v -0.1299999 0.6244499 0.1676387
v -0.1699999 0.3738531 0.09406093
v -0.1699999 0.4144654 0.1108832
v 0.17 0.3738531 0.09406093
v 0.17 0.4144654 0.1108832
v -0.1699999 0.3738531 0.01283631
v 0.17 0.3738531 0.01283631
v -0.1699999 0.3932499 0.004801881
v 0.17 0.3932499 0.004801881
v 0.17 0.3570309 0.05344862
v 0.17 0.3738531 0.01283631
v -0.1699999 0.3570309 0.05344862
v -0.1699999 0.3738531 0.01283631
v 0.17 0.3738531 0.09406093
v 0.17 0.3570309 0.05344862
v -0.1699999 0.3738531 0.09406093
v -0.1699999 0.3570309 0.05344862
v -0.1699999 0.3932499 -0.1323612
v -0.1699999 0.6244499 -0.1323612
v -0.1699999 0.3932499 0.004801881
v -0.1699999 0.6244499 0.1276387
v -0.1699999 0.3738531 0.01283631
v -0.1699999 0.3570309 0.05344862
v -0.1699999 0.3738531 0.09406093
v -0.1699999 0.4144654 0.1108832
v -0.1699999 0.5644501 0.1276387
v -0.1699999 0.4144654 0.1108832
v -0.1699999 0.5644501 0.1276387
v 0.17 0.4144654 0.1108832
v 0.17 0.5644501 0.1276387
v -0.1699999 0.62445 -0.1323613
v -0.1699999 0.62445 -0.03236106
v -0.2088619 0.62445 -0.1323613
v -0.2088619 0.62445 -0.03236106
v -0.1699999 0.34445 -0.03236106
v -0.1699999 0.34445 -0.1323613
v -0.2700001 0.34445 -0.03236106
v -0.2700001 0.34445 -0.1323613
v -0.2088619 0.62445 -0.1323613
v -0.2088619 0.62445 -0.03236106
v -0.2368421 0.6044499 -0.1349929
v -0.2368421 0.6044499 -0.02972982
v -0.295 0.43445 -0.1573612
v -0.2368421 0.6044499 -0.1349929
v -0.295 0.43445 -0.007361166
v -0.2368421 0.6044499 -0.02972982
v -0.145 0.43445 -0.1573612
v -0.145 0.43445 -0.007361166
v -0.1699999 0.62445 -0.1323613
v -0.1699999 0.62445 -0.03236106
v -0.295 0.43445 -0.1573612
v -0.295 0.43445 -0.007361166
v -0.2700001 0.34445 -0.1323613
v -0.2700001 0.34445 -0.03236106
v -0.2700001 0.34445 -0.1323613
v -0.1699999 0.34445 -0.1323613
v -0.295 0.43445 -0.1573612
v -0.145 0.43445 -0.1573612
v -0.1699999 0.34445 -0.03236106
v -0.2700001 0.34445 -0.03236106
v -0.145 0.43445 -0.007361166
v -0.295 0.43445 -0.007361166
v -0.295 0.43445 -0.1573612
v -0.145 0.43445 -0.1573612
v -0.2368421 0.6044499 -0.1349929
v -0.1699999 0.62445 -0.1323613
v -0.2088619 0.62445 -0.1323613
v -0.145 0.43445 -0.1573612
v -0.1699999 0.34445 -0.1323613
v -0.145 0.43445 -0.007361166
v -0.1699999 0.34445 -0.03236106
v -0.145 0.43445 -0.007361166
v -0.295 0.43445 -0.007361166
v -0.1699999 0.62445 -0.03236106
v -0.2368421 0.6044499 -0.02972982
v -0.2088619 0.62445 -0.03236106
v 0.2700001 0.34445 -0.03236106
v 0.2700001 0.34445 -0.1323613
v 0.1699998 0.34445 -0.03236106
v 0.1699998 0.34445 -0.1323613
v 0.1449999 0.43445 -0.1573612
v 0.1699998 0.62445 -0.1323613
v 0.1449999 0.43445 -0.007361166
v 0.1699998 0.62445 -0.03236106
v 0.2700001 0.34445 -0.03236106
v 0.1699998 0.34445 -0.03236106
v 0.295 0.43445 -0.007361166
v 0.1449999 0.43445 -0.007361166
v 0.1449999 0.43445 -0.1573612
v 0.1449999 0.43445 -0.007361166
v 0.1699998 0.34445 -0.1323613
v 0.1699998 0.34445 -0.03236106
v 0.1699998 0.34445 -0.1323613
v 0.2700001 0.34445 -0.1323613
v 0.1449999 0.43445 -0.1573612
v 0.295 0.43445 -0.1573612
v 0.295 0.43445 -0.1573612
v 0.2700001 0.34445 -0.1323613
v 0.295 0.43445 -0.007361166
v 0.2700001 0.34445 -0.03236106
v 0.2088618 0.62445 -0.1323613
v 0.2088618 0.62445 -0.03236106
v 0.1699998 0.62445 -0.1323613
v 0.1699998 0.62445 -0.03236106
v 0.1449999 0.43445 -0.1573612
v 0.295 0.43445 -0.1573612
v 0.1699998 0.62445 -0.1323613
v 0.236842 0.6044499 -0.1349929
v 0.2088618 0.62445 -0.1323613
v 0.295 0.43445 -0.007361166
v 0.1449999 0.43445 -0.007361166
v 0.236842 0.6044499 -0.02972982
v 0.1699998 0.62445 -0.03236106
v 0.2088618 0.62445 -0.03236106
v 0.295 0.43445 -0.1573612
v 0.295 0.43445 -0.007361166
v 0.236842 0.6044499 -0.1349929
v 0.236842 0.6044499 -0.02972982
v 0.236842 0.6044499 -0.1349929
v 0.236842 0.6044499 -0.02972982
v 0.2088618 0.62445 -0.1323613
v 0.2088618 0.62445 -0.03236106
v -0.1 0.6713251 0.1676387
v -0.1299999 0.6244499 0.2076388
v -0.1299999 0.6713251 0.1376389
v -0.17 0.6244499 0.1676387
v -0.1299999 0.6244499 0.2076388
v -0.1 0.6713251 0.1676387
v 0.1299999 0.6244499 0.2076388
v 0.1 0.6713251 0.1676387
v 0.17 0.6244499 0.1676387
v 0.1299999 0.6244499 0.2076388
v 0.1299999 0.6713251 0.1376389
v 0.1 0.6713251 0.1676387
v -0.1299999 0.5544499 0.2076388
v -0.1299999 0.6244499 0.2076388
v 0.1299999 0.5544499 0.2076388
v 0.1299999 0.6244499 0.2076388
v 0.1299999 0.6713251 0.09763877
v 0.17 0.6244499 0.1276387
v 0.1299999 0.6713251 0.1376389
v 0.17 0.6244499 0.1676387
v 0.17 0.5544499 0.1276387
v 0.17 0.4422324 0.1676387
v 0.17 0.6244499 0.1276387
v 0.17 0.6244499 0.1676387
v 0.1299999 0.6713251 0.09763877
v 0.1299999 0.6713251 0.1376389
v 0.1 0.6713251 0.1276387
v 0.1 0.6713251 0.1676387
v -0.1 0.6713251 0.1276387
v -0.1 0.6713251 0.1676387
v -0.1299999 0.6713251 0.09763877
v -0.1299999 0.6713251 0.1376389
v -0.1299999 0.6713251 0.09763877
v -0.1299999 0.6713251 0.1376389
v -0.17 0.6244499 0.1276387
v -0.17 0.6244499 0.1676387
v -0.17 0.5544499 0.1276387
v -0.17 0.6244499 0.1276387
v -0.17 0.4422324 0.1676387
v -0.17 0.6244499 0.1676387
v 0.17 0.4422324 0.1676387
v 0.15 0.4422324 0.1876388
v 0.17 0.6244499 0.1676387
v 0.1299999 0.6244499 0.2076388
v 0.1299999 0.5544499 0.2076388
v -0.15 0.4422324 0.1876388
v -0.17 0.4422324 0.1676387
v -0.1299999 0.5544499 0.2076388
v -0.17 0.6244499 0.1676387
v -0.1299999 0.6244499 0.2076388
v 0.01955444 0.4015849 0.1596053
v -0.01955454 0.4015849 0.1596053
v 0.04313059 0.4142766 0.1596053
v -0.0431307 0.4142766 0.1596053
v 0.0448557 0.4290077 0.1596053
v 0.01339336 0.4245779 0.1596053
v 0.0312358 0.4348791 0.1596053
v -0.01339346 0.4245779 0.1596053
v -0.04485554 0.4290077 0.1596053
v -0.03123565 0.4348791 0.1596053
v 0.09321001 0.4620626 0.1596053
v 0.07209011 0.4691024 0.1596053
v 0.1002502 0.4831827 0.1596053
v 0.04392981 0.4831827 0.1596053
v 0.05096995 0.4620626 0.1596053
v 0.09321001 0.5043026 0.1596053
v 0.05096995 0.5043026 0.1596053
v 0.07209011 0.5113428 0.1596053
v -0.05096979 0.4620626 0.1596053
v -0.07208996 0.4691024 0.1596053
v -0.04392991 0.4831827 0.1596053
v -0.1002503 0.4831827 0.1596053
v -0.09321012 0.4620626 0.1596053
v -0.05096979 0.5043026 0.1596053
v -0.09321012 0.5043026 0.1596053
v -0.07208996 0.5113428 0.1596053
v -0.1002502 0.4831825 0.1596051
v -0.1180336 0.5113428 0.1596051
v -0.09321013 0.5043027 0.1596051
v -0.07208988 0.5113428 0.1596051
v 0.1002502 0.4831825 0.1596051
v 0.09321013 0.5043027 0.1596051
v 0.1180336 0.5113428 0.1596051
v 0.0720901 0.5113428 0.1596051
vt 0.96875 0.225
vt 0.96875 0.225
vt 0.96875 0.1749999
vt 0.96875 0.02499998
vt 0.96875 0.02499998
vt 0.96875 0.07499969
vt 0.96875 0.225
vt 0.96875 0.1749999
vt 0.96875 0.225
vt 0.96875 0.07499969
vt 0.96875 0.02499998
vt 0.96875 0.02499998
vt 0.96875 0.1749999
vt 0.96875 0.07499969
vt 0.96875 0.225
vt 0.96875 0.02499998
vt 0.96875 0.02499998
vt 0.96875 0.225
vt 0.96875 0.07499969
vt 0.96875 0.1749999
vt 0.96875 0.225
vt 0.96875 0.225
vt 0.96875 0.225
vt 0.96875 0.225
vt 0.96875 0.225
vt 0.96875 0.02499998
vt 0.96875 0.02499998
vt 0.96875 0.02499998
vt 0.96875 0.02499998
vt 0.96875 0.02499998
vt 0.96875 0.1749999
vt 0.96875 0.225
vt 0.96875 0.07499969
vt 0.96875 0.02499998
vt 0.96875 0.02499998
vt 0.96875 0.225
vt 0.96875 0.07499969
vt 0.96875 0.07499969
vt 0.96875 0.1749999
vt 0.96875 0.1749999
vt 0.96875 0.1749999
vt 0.96875 0.225
vt 0.96875 0.1749999
vt 0.96875 0.225
vt 0.96875 0.07499969
vt 0.96875 0.07499969
vt 0.96875 0.02499998
vt 0.96875 0.02499998
vt 0.96875 0.225
vt 0.96875 0.225
vt 0.96875 0.225
vt 0.96875 0.225
vt 0.96875 0.225
vt 0.96875 0.07499969
vt 0.96875 0.1749999
vt 0.96875 0.02499998
vt 0.96875 0.225
vt 0.96875 0.02499998
vt 0.96875 0.225
vt 0.96875 0.07499969
vt 0.96875 0.1749999
vt 0.96875 0.07499969
vt 0.96875 0.1749999
vt 0.96875 0.07499969
vt 0.96875 0.1749999
vt 0.96875 0.1749999
vt 0.96875 0.07499969
vt 0.96875 0.225
vt 0.96875 0.02499998
vt 0.96875 0.225
vt 0.96875 0.02499998
vt 0.96875 0.225
vt 0.96875 0.225
vt 0.96875 0.1749999
vt 0.96875 0.1749999
vt 0.96875 0.02499998
vt 0.96875 0.02499998
vt 0.96875 0.02499998
vt 0.96875 0.02499998
vt 0.96875 0.02499998
vt 0.96875 0.02499998
vt 0.96875 0.07499969
vt 0.96875 0.02499998
vt 0.96875 0.07499969
vt 0.96875 0.05447412
vt 0.96875 0.02499998
vt 0.96875 0.05447412
vt 0.96875 0.02499998
vt 0.96875 0.1935608
vt 0.96875 0.1935608
vt 0.96875 0.2157917
vt 0.96875 0.2157917
vt 0.96875 0.2157917
vt 0.96875 0.1935608
vt 0.96875 0.2157917
vt 0.96875 0.1935608
vt 0.96875 0.05447412
vt 0.96875 0.05447412
vt 0.96875 0.02499998
vt 0.96875 0.02499998
vt 0.96875 0.02499998
vt 0.96875 0.02499998
vt 0.96875 0.05447412
vt 0.96875 0.05447412
vt 0.96875 0.02499998
vt 0.96875 0.02499998
vt 0.96875 0.02499998
vt 0.96875 0.02499998
vt 0.96875 0.02499998
vt 0.96875 0.02499998
vt 0.96875 0.02499998
vt 0.96875 0.02499998
vt 0.96875 0.05447412
vt 0.96875 0.05447412
vt 0.96875 0.02499998
vt 0.96875 0.02499998
vt 0.96875 0.05447412
vt 0.96875 0.02499998
vt 0.96875 0.05447412
vt 0.96875 0.02499998
vt 0.96875 0.2157917
vt 0.96875 0.2157917
vt 0.96875 0.225
vt 0.96875 0.225
vt 0.96875 0.05447412
vt 0.96875 0.05447412
vt 0.96875 0.02499998
vt 0.96875 0.02499998
vt 0.96875 0.1935608
vt 0.96875 0.2157917
vt 0.96875 0.1935608
vt 0.96875 0.2157917
vt 0.96875 0.2157917
vt 0.96875 0.2157917
vt 0.96875 0.225
vt 0.96875 0.225
vt 0.96875 0.225
vt 0.96875 0.225
vt 0.96875 0.225
vt 0.96875 0.225
vt 0.96875 0.225
vt 0.96875 0.225
vt 0.96875 0.225
vt 0.96875 0.225
vt 0.96875 0.1935608
vt 0.96875 0.05447412
vt 0.96875 0.1935608
vt 0.96875 0.05447412
vt 0.96875 0.225
vt 0.96875 0.225
vt 0.96875 0.2157917
vt 0.96875 0.2157917
vt 0.96875 0.225
vt 0.96875 0.2157917
vt 0.96875 0.225
vt 0.96875 0.2157917
vt 0.96875 0.05447412
vt 0.96875 0.05447412
vt 0.96875 0.1935608
vt 0.96875 0.1935608
vt 0.96875 0.225
vt 0.96875 0.2157917
vt 0.96875 0.225
vt 0.96875 0.2157917
vt 0.96875 0.1935608
vt 0.96875 0.1935608
vt 0.96875 0.05447412
vt 0.96875 0.05447412
vt 0.96875 0.1935608
vt 0.96875 0.1935608
vt 0.96875 0.05447412
vt 0.96875 0.05447412
vt 0.96875 0.1935608
vt 0.96875 0.1935608
vt 0.96875 0.05447412
vt 0.96875 0.05447412
vt 0.96875 0.05447412
vt 0.96875 0.02499998
vt 0.96875 0.05447412
vt 0.96875 0.02499998
vt 0.96875 0.2157917
vt 0.96875 0.2157917
vt 0.96875 0.1935608
vt 0.96875 0.1935608
vt 0.96875 0.02499998
vt 0.96875 0.05447412
vt 0.96875 0.02499998
vt 0.96875 0.05447412
vt 0.96875 0.2157917
vt 0.96875 0.2157917
vt 0.96875 0.1935608
vt 0.96875 0.1935608
vt 0.96875 0.2157917
vt 0.96875 0.1935608
vt 0.96875 0.2157917
vt 0.96875 0.1935608
vt 0.96875 0.225
vt 0.96875 0.225
vt 0.96875 0.2157917
vt 0.96875 0.2157917
vt 0.96875 0.1935608
vt 0.96875 0.1935608
vt 0.96875 0.05447412
vt 0.96875 0.05447412
vt 0.96875 0.1935608
vt 0.96875 0.05447412
vt 0.96875 0.1935608
vt 0.96875 0.05447412
vt 0.96875 0.2157917
vt 0.96875 0.225
vt 0.96875 0.2157917
vt 0.96875 0.225
vt 0.96875 0.225
vt 0.96875 0.225
vt 0.96875 0.2157917
vt 0.96875 0.2157917
vt 0.96875 0.05447412
vt 0.96875 0.1935608
vt 0.96875 0.05447412
vt 0.96875 0.1935608
vt 0.84375 0.191286
vt 0.84375 0.02499998
vt 0.84375 0.191286
vt 0.84375 0.02499998
vt 0.84375 0.02499998
vt 0.84375 0.02499998
vt 0.84375 0.02499998
vt 0.84375 0.04025877
vt 0.84375 0.1481324
vt 0.84375 0.225
vt 0.84375 0.191286
vt 0.84375 0.225
vt 0.84375 0.191286
vt 0.84375 0.191286
vt 0.84375 0.225
vt 0.84375 0.191286
vt 0.84375 0.225
vt 0.84375 0.225
vt 0.84375 0.225
vt 0.84375 0.191286
vt 0.84375 0.191286
vt 0.84375 0.191286
vt 0.84375 0.225
vt 0.84375 0.191286
vt 0.84375 0.225
vt 0.84375 0.191286
vt 0.84375 0.191286
vt 0.84375 0.225
vt 0.84375 0.225
vt 0.84375 0.191286
vt 0.84375 0.225
vt 0.84375 0.191286
vt 0.84375 0.225
vt 0.84375 0.225
vt 0.84375 0.225
vt 0.84375 0.225
vt 0.84375 0.225
vt 0.84375 0.225
vt 0.84375 0.225
vt 0.84375 0.225
vt 0.84375 0.225
vt 0.84375 0.191286
vt 0.84375 0.191286
vt 0.84375 0.225
vt 0.84375 0.225
vt 0.84375 0.191286
vt 0.84375 0.191286
vt 0.84375 0.225
vt 0.84375 0.225
vt 0.84375 0.02499998
vt 0.84375 0.02499998
vt 0.84375 0.191286
vt 0.84375 0.191286
vt 0.84375 0.02499998
vt 0.84375 0.02499998
vt 0.84375 0.191286
vt 0.84375 0.191286
vt 0.84375 0.02499998
vt 0.84375 0.191286
vt 0.84375 0.02499998
vt 0.84375 0.191286
vt 0.84375 0.02499998
vt 0.84375 0.02499998
vt 0.84375 0.02499998
vt 0.84375 0.02499998
vt 0.84375 0.02499998
vt 0.84375 0.02499998
vt 0.84375 0.1481324
vt 0.84375 0.1481324
vt 0.84375 0.1481324
vt 0.84375 0.1481324
vt 0.84375 0.1481324
vt 0.84375 0.1481324
vt 0.84375 0.191286
vt 0.84375 0.191286
vt 0.84375 0.1481324
vt 0.84375 0.191286
vt 0.84375 0.1481324
vt 0.84375 0.191286
vt 0.84375 0.1481324
vt 0.84375 0.191286
vt 0.84375 0.1481324
vt 0.84375 0.191286
vt 0.84375 0.02499998
vt 0.84375 0.04025877
vt 0.84375 0.02499998
vt 0.84375 0.04025877
vt 0.84375 0.02499998
vt 0.84375 0.02499998
vt 0.84375 0.02499998
vt 0.84375 0.02499998
vt 0.84375 0.02499998
vt 0.84375 0.02499998
vt 0.84375 0.02499998
vt 0.84375 0.02499998
vt 0.84375 0.02499998
vt 0.84375 0.02499998
vt 0.84375 0.02499998
vt 0.84375 0.02499998
vt 0.84375 0.02499998
vt 0.84375 0.191286
vt 0.84375 0.02499998
vt 0.84375 0.191286
vt 0.84375 0.02499998
vt 0.84375 0.02499998
vt 0.84375 0.02499998
vt 0.84375 0.04025877
vt 0.84375 0.1481324
vt 0.84375 0.04025877
vt 0.84375 0.1481324
vt 0.84375 0.04025877
vt 0.84375 0.1481324
vt 0.84375 0.225
vt 0.84375 0.225
vt 0.84375 0.225
vt 0.84375 0.225
vt 0.84375 0.02500004
vt 0.84375 0.02500004
vt 0.84375 0.02500004
vt 0.84375 0.02500004
vt 0.84375 0.225
vt 0.84375 0.225
vt 0.84375 0.2107142
vt 0.84375 0.2107142
vt 0.84375 0.08928573
vt 0.84375 0.2107142
vt 0.84375 0.08928573
vt 0.84375 0.2107142
vt 0.84375 0.08928573
vt 0.84375 0.08928573
vt 0.84375 0.225
vt 0.84375 0.225
vt 0.84375 0.08928573
vt 0.84375 0.08928573
vt 0.84375 0.02500004
vt 0.84375 0.02500004
vt 0.84375 0.02500004
vt 0.84375 0.02500004
vt 0.84375 0.08928573
vt 0.84375 0.08928573
vt 0.84375 0.02500004
vt 0.84375 0.02500004
vt 0.84375 0.08928573
vt 0.84375 0.08928573
vt 0.84375 0.08928573
vt 0.84375 0.08928573
vt 0.84375 0.2107142
vt 0.84375 0.225
vt 0.84375 0.225
vt 0.84375 0.08928573
vt 0.84375 0.02500004
vt 0.84375 0.08928573
vt 0.84375 0.02500004
vt 0.84375 0.08928573
vt 0.84375 0.08928573
vt 0.84375 0.225
vt 0.84375 0.2107142
vt 0.84375 0.225
vt 0.84375 0.02500004
vt 0.84375 0.02500004
vt 0.84375 0.02500004
vt 0.84375 0.02500004
vt 0.84375 0.08928573
vt 0.84375 0.225
vt 0.84375 0.08928573
vt 0.84375 0.225
vt 0.84375 0.02500004
vt 0.84375 0.02500004
vt 0.84375 0.08928573
vt 0.84375 0.08928573
vt 0.84375 0.08928573
vt 0.84375 0.08928573
vt 0.84375 0.02500004
vt 0.84375 0.02500004
vt 0.84375 0.02500004
vt 0.84375 0.02500004
vt 0.84375 0.08928573
vt 0.84375 0.08928573
vt 0.84375 0.08928573
vt 0.84375 0.02500004
vt 0.84375 0.08928573
vt 0.84375 0.02500004
vt 0.84375 0.225
vt 0.84375 0.225
vt 0.84375 0.225
vt 0.84375 0.225
vt 0.84375 0.08928573
vt 0.84375 0.08928573
vt 0.84375 0.225
vt 0.84375 0.2107142
vt 0.84375 0.225
vt 0.84375 0.08928573
vt 0.84375 0.08928573
vt 0.84375 0.2107142
vt 0.84375 0.225
vt 0.84375 0.225
vt 0.84375 0.08928573
vt 0.84375 0.08928573
vt 0.84375 0.2107142
vt 0.84375 0.2107142
vt 0.84375 0.2107142
vt 0.84375 0.2107142
vt 0.84375 0.225
vt 0.84375 0.225
vt 0.71875 0.225
vt 0.71875 0.1811402
vt 0.71875 0.225
vt 0.71875 0.1811402
vt 0.71875 0.1811402
vt 0.71875 0.225
vt 0.71875 0.1811402
vt 0.71875 0.225
vt 0.71875 0.1811402
vt 0.71875 0.1811402
vt 0.71875 0.225
vt 0.71875 0.225
vt 0.71875 0.125
vt 0.71875 0.1811402
vt 0.71875 0.125
vt 0.71875 0.1811402
vt 0.71875 0.225
vt 0.71875 0.1811402
vt 0.71875 0.225
vt 0.71875 0.1811402
vt 0.71875 0.125
vt 0.71875 0.125
vt 0.71875 0.1811402
vt 0.71875 0.1811402
vt 0.71875 0.225
vt 0.71875 0.225
vt 0.71875 0.225
vt 0.71875 0.225
vt 0.71875 0.225
vt 0.71875 0.225
vt 0.71875 0.225
vt 0.71875 0.225
vt 0.71875 0.225
vt 0.71875 0.225
vt 0.71875 0.1811402
vt 0.71875 0.1811402
vt 0.71875 0.125
vt 0.71875 0.1811402
vt 0.71875 0.125
vt 0.71875 0.1811402
vt 0.71875 0.125
vt 0.71875 0.125
vt 0.71875 0.1811402
vt 0.71875 0.1811402
vt 0.71875 0.125
vt 0.71875 0.125
vt 0.71875 0.125
vt 0.71875 0.125
vt 0.71875 0.1811402
vt 0.71875 0.1811402
vt 0.09375 0.09440804
vt 0.09375 0.09440804
vt 0.09375 0.1095089
vt 0.09375 0.1095089
vt 0.09375 0.1270362
vt 0.09375 0.1217654
vt 0.09375 0.1340221
vt 0.09375 0.1217654
vt 0.09375 0.1270362
vt 0.09375 0.1340221
vt 0.09375 0.1663654
vt 0.09375 0.1747416
vt 0.09375 0.1914946
vt 0.09375 0.1914946
vt 0.09375 0.1663654
vt 0.09375 0.2166235
vt 0.09375 0.2166235
vt 0.09375 0.225
vt 0.09375 0.1663654
vt 0.09375 0.1747416
vt 0.09375 0.1914946
vt 0.09375 0.1914946
vt 0.09375 0.1663654
vt 0.09375 0.2166235
vt 0.09375 0.2166235
vt 0.09375 0.225
vt 0.96875 0.325
vt 0.96875 0.425
vt 0.96875 0.3999999
vt 0.96875 0.425
vt 0.96875 0.325
vt 0.96875 0.3999999
vt 0.96875 0.425
vt 0.96875 0.425
vn -0.1534702 0.9765396 0.151054
vn -0.2707722 0.9237537 0.2708534
vn -0.4995112 0.7067449 0.5009992
vn -0.2707722 -0.9237537 0.2708534
vn -0.1534702 -0.9765396 0.151054
vn -0.4995112 -0.7067449 0.5009992
vn 0.1534702 0.9765396 0.151054
vn 0.4995112 0.7067449 0.5009992
vn 0.2707722 0.9237537 0.2708534
vn 0.4995112 -0.7067449 0.5009992
vn 0.1534702 -0.9765396 0.151054
vn 0.2707722 -0.9237537 0.2708534
vn 0.7067448 0.0009775171 0.7074679
vn 0.7067448 0.0009775171 0.7074679
vn 0.7067448 0.0009775171 0.7074679
vn 0.7067448 0.0009775171 0.7074679
vn 0.7067448 0.0009775171 0.7074679
vn 0.7067448 0.0009775171 0.7074679
vn 0.7067448 0.0009775171 0.7074679
vn 0.7067448 0.0009775171 0.7074679
vn 0.2707722 0.9237537 -0.2708534
vn -0.2707722 0.9237537 0.2708534
vn 0.2707722 0.9237537 -0.2708534
vn -0.1534702 0.9765396 0.151054
vn -0.0009775166 0.9999995 0
vn 0.2707722 -0.9237537 -0.2708534
vn 0.2707722 -0.9237537 -0.2708534
vn -0.2707722 -0.9237537 0.2708534
vn -0.1534702 -0.9765396 0.151054
vn -0.0009775166 -0.9999995 0
vn -0.7067448 0.0009775171 -0.7074679
vn -0.7067448 0.0009775171 -0.7074679
vn -0.7067448 0.0009775171 -0.7074679
vn -0.7067448 0.0009775171 -0.7074679
vn -0.7067448 0.0009775171 -0.7074679
vn -0.7067448 0.0009775171 -0.7074679
vn 0.6539589 -0.3822092 -0.6528812
vn 0.6539589 -0.3822092 -0.6528812
vn 0.6539589 0.3822092 -0.6528812
vn 0.6539589 0.3822092 -0.6528812
vn 0.6539589 0.3822092 -0.6528812
vn 0.2707722 0.9237537 -0.2708534
vn 0.6539589 0.3822092 -0.6528812
vn 0.2707722 0.9237537 -0.2708534
vn 0.6539589 -0.3822092 -0.6528812
vn 0.6539589 -0.3822092 -0.6528812
vn 0.2707722 -0.9237537 -0.2708534
vn 0.2707722 -0.9237537 -0.2708534
vn -0.0009775166 0.9999995 0
vn 0.1534702 0.9765396 0.151054
vn -0.2707722 0.9237537 -0.2708534
vn 0.2707722 0.9237537 0.2708534
vn -0.2707722 0.9237537 -0.2708534
vn -0.7067448 0.0009775171 0.7074679
vn -0.7067448 0.0009775171 0.7074679
vn -0.7067448 0.0009775171 0.7074679
vn -0.7067448 0.0009775171 0.7074679
vn -0.7067448 0.0009775171 0.7074679
vn -0.7067448 0.0009775171 0.7074679
vn -0.7067448 0.0009775171 0.7074679
vn -0.7067448 0.0009775171 0.7074679
vn -0.6539589 -0.3822092 -0.6528812
vn -0.6539589 0.3822092 -0.6528812
vn -0.6539589 -0.3822092 -0.6528812
vn -0.6539589 0.3822092 -0.6528812
vn 0.7067448 0.0009775171 -0.7074679
vn 0.7067448 0.0009775171 -0.7074679
vn 0.7067448 0.0009775171 -0.7074679
vn 0.7067448 0.0009775171 -0.7074679
vn 0.7067448 0.0009775171 -0.7074679
vn 0.7067448 0.0009775171 -0.7074679
vn -0.2707722 0.9237537 -0.2708534
vn -0.2707722 0.9237537 -0.2708534
vn -0.6539589 0.3822092 -0.6528812
vn -0.6539589 0.3822092 -0.6528812
vn -0.0009775166 -0.9999995 0
vn -0.2707722 -0.9237537 -0.2708534
vn 0.1534702 -0.9765396 0.151054
vn 0.2707722 -0.9237537 0.2708534
vn -0.2707722 -0.9237537 -0.2708534
vn -0.2707722 -0.9237537 -0.2708534
vn -0.6539589 -0.3822092 -0.6528812
vn -0.2707722 -0.9237537 -0.2708534
vn -0.6539589 -0.3822092 -0.6528812
vn -0.856641 0.3618779 -0.3677099
vn -0.4284807 0.8908938 -0.1507068
vn -0.856641 0.3618779 0.3677099
vn -0.4284807 0.8908938 0.1507068
vn -0.9061173 -0.1994878 -0.3730364
vn -0.9061173 -0.1994878 0.3730364
vn -0.6758622 -0.6828333 -0.2773968
vn -0.6758622 -0.6828333 0.2773968
vn -0.4303836 -0.7932035 -0.4308112
vn -0.6910857 -0.2147113 -0.6901447
vn -0.6758622 -0.6828333 -0.2773968
vn -0.9061173 -0.1994878 -0.3730364
vn -0.0003203388 0.2876635 -0.9577315
vn -0.0003203388 0.2876635 -0.9577315
vn -0.0003203388 0.6492211 -0.7605997
vn -0.0003203388 0.6492211 -0.7605997
vn -0.2172549 0.9517877 -0.2165651
vn -0.4284807 0.8908938 -0.1507068
vn -0.6530269 0.3809073 -0.6545727
vn -0.856641 0.3618779 -0.3677099
vn 0.4297429 0.8908938 0.1470687
vn 0.1481086 0.8908938 0.4293856
vn 0.4297429 0.8908938 -0.1470687
vn 0.2166142 0.9517877 -0.217206
vn -0.1487492 0.8908938 0.4291641
vn -0.2172549 0.9517877 -0.2165651
vn -0.4284807 0.8908938 0.1507068
vn -0.4284807 0.8908938 -0.1507068
vn 0.8560003 0.3618779 -0.3691989
vn 0.8560003 0.3618779 0.3691989
vn 0.4297429 0.8908938 -0.1470687
vn 0.4297429 0.8908938 0.1470687
vn -0.4931804 0.4836658 0.7230771
vn -0.1487492 0.8908938 0.4291641
vn 0.4925398 0.4836658 0.7235137
vn 0.1481086 0.8908938 0.4293856
vn 0.6752215 -0.6828332 0.2789529
vn 0.6752215 -0.6828332 -0.2789529
vn 0.2070995 -0.9739823 0.09202353
vn 0.2070995 -0.9739823 -0.09202353
vn 0.8560003 0.3618779 0.3691989
vn 0.4925398 0.4836658 0.7235137
vn 0.4297429 0.8908938 0.1470687
vn 0.1481086 0.8908938 0.4293856
vn 0.9054766 -0.1994878 -0.3745888
vn 0.6752215 -0.6828332 -0.2789529
vn 0.9054766 -0.1994878 0.3745888
vn 0.6752215 -0.6828332 0.2789529
vn 0.6752215 -0.6828332 -0.2789529
vn 0.4316458 -0.7932035 -0.4295464
vn 0.2070995 -0.9739823 -0.09202353
vn 0.07199118 -0.9949145 -0.07044377
vn 0.2070995 -0.9739823 0.09202353
vn 0.2070995 -0.9739823 -0.09202353
vn 0.07199118 -0.9949145 0.07044377
vn 0.07199118 -0.9949145 -0.07044377
vn -0.07072893 -0.9949145 0.07171129
vn -0.07072893 -0.9949145 -0.07171129
vn -0.2077402 -0.9739823 0.09056762
vn -0.2077402 -0.9739823 -0.09056762
vn -0.6910857 -0.2147113 -0.6901447
vn -0.6530269 0.3809073 -0.6545727
vn -0.9061173 -0.1994878 -0.3730364
vn -0.856641 0.3618779 -0.3677099
vn -0.2077402 -0.9739823 0.09056762
vn -0.2077402 -0.9739823 -0.09056762
vn -0.6758622 -0.6828333 0.2773968
vn -0.6758622 -0.6828333 -0.2773968
vn -0.07072893 -0.9949145 -0.07171129
vn -0.4303836 -0.7932035 -0.4308112
vn -0.2077402 -0.9739823 -0.09056762
vn -0.6758622 -0.6828333 -0.2773968
vn -0.856641 0.3618779 -0.3677099
vn -0.856641 0.3618779 0.3677099
vn -0.9061173 -0.1994878 -0.3730364
vn -0.9061173 -0.1994878 0.3730364
vn -0.0003203388 0.0003203388 -0.9999999
vn -0.0003203388 0.0003203388 -0.9999999
vn -0.0003203388 0.0003203388 -0.9999999
vn -0.0003203388 0.0003203388 -0.9999999
vn -0.0003203388 0.0003203388 -0.9999999
vn -0.0003203388 0.0003203388 -0.9999999
vn -0.0003203388 0.2876635 -0.9577315
vn -0.0003203388 0.2876635 -0.9577315
vn 0.690445 -0.2147113 -0.6907857
vn 0.9054766 -0.1994878 -0.3745888
vn 0.6542892 0.3809073 -0.653311
vn 0.8560003 0.3618779 -0.3691989
vn 0.9054766 -0.1994878 -0.3745888
vn 0.9054766 -0.1994878 0.3745888
vn 0.8560003 0.3618779 -0.3691989
vn 0.8560003 0.3618779 0.3691989
vn 0.8560003 0.3618779 -0.3691989
vn 0.4297429 0.8908938 -0.1470687
vn 0.6542892 0.3809073 -0.653311
vn 0.2166142 0.9517877 -0.217206
vn 0.4316458 -0.7932035 -0.4295464
vn 0.6752215 -0.6828332 -0.2789529
vn 0.690445 -0.2147113 -0.6907857
vn 0.9054766 -0.1994878 -0.3745888
vn -0.1487492 0.8908938 0.4291641
vn -0.4931804 0.4836658 0.7230771
vn -0.4284807 0.8908938 0.1507068
vn -0.856641 0.3618779 0.3677099
vn 0.6752215 -0.6828332 0.2789529
vn 0.4316458 -0.7932035 0.4295464
vn 0.9054766 -0.1994878 0.3745888
vn 0.690445 -0.2147113 0.6907857
vn -0.6758622 -0.6828333 0.2773968
vn -0.9061173 -0.1994878 0.3730364
vn -0.4303836 -0.7932035 0.4308112
vn -0.6910857 -0.2147113 0.6901447
vn -0.0003203388 0.0003203388 0.9999999
vn -0.0003203388 0.0003203388 0.9999999
vn -0.0003203388 0.0003203388 0.9999999
vn -0.0003203388 0.0003203388 0.9999999
vn -0.0003203388 0.0003203388 0.9999999
vn -0.0003203388 0.0003203388 0.9999999
vn -0.0003203388 0.0003203388 0.9999999
vn -0.0003203388 0.0003203388 0.9999999
vn -0.9061173 -0.1994878 0.3730364
vn -0.856641 0.3618779 0.3677099
vn -0.6910857 -0.2147113 0.6901447
vn -0.4931804 0.4836658 0.7230771
vn 0.6752215 -0.6828332 0.2789529
vn 0.2070995 -0.9739823 0.09202353
vn 0.4316458 -0.7932035 0.4295464
vn 0.07199118 -0.9949145 0.07044377
vn -0.07072893 -0.9949145 0.07171129
vn -0.2077402 -0.9739823 0.09056762
vn -0.4303836 -0.7932035 0.4308112
vn -0.6758622 -0.6828333 0.2773968
vn 0.8560003 0.3618779 0.3691989
vn 0.9054766 -0.1994878 0.3745888
vn 0.4925398 0.4836658 0.7235137
vn 0.690445 -0.2147113 0.6907857
vn 0.8572825 0.3607038 -0.3673683
vn 0.9237537 0.0009775171 -0.3829859
vn 0.8572825 0.3607038 0.3673683
vn 0.9999995 0.0009775166 0
vn 0.9999995 0.0009775166 0
vn 0.9999995 0.0009775166 0
vn 0.9999995 0.0009775166 0
vn 0.9999995 0.0009775166 0
vn 0.9999995 0.0009775166 0
vn -0.1476051 0.8905181 0.4303374
vn -0.368524 0.3607038 0.8567863
vn -0.42913 0.8905181 0.1510793
vn -0.8572825 0.3607038 0.3673683
vn -0.368524 0.3607038 0.8567863
vn -0.1476051 0.8905181 0.4303374
vn 0.368524 0.3607038 0.8567863
vn 0.1476051 0.8905181 0.4303374
vn -0.2160313 0.9511241 -0.2206657
vn -0.42913 0.8905181 -0.1510793
vn -0.6539589 0.3822092 -0.6528812
vn -0.8572825 0.3607038 -0.3673683
vn -0.8572825 0.3607038 -0.3673683
vn -0.42913 0.8905181 -0.1510793
vn -0.8572825 0.3607038 0.3673683
vn -0.42913 0.8905181 0.1510793
vn 0.8572825 0.3607038 -0.3673683
vn 0.8572825 0.3607038 0.3673683
vn 0.42913 0.8905181 -0.1510793
vn 0.42913 0.8905181 0.1510793
vn 0.8572825 0.3607038 -0.3673683
vn 0.42913 0.8905181 -0.1510793
vn 0.6539589 0.3822092 -0.6528812
vn 0.2160313 0.9511241 -0.2206657
vn 0.42913 0.8905181 0.1510793
vn 0.1476051 0.8905181 0.4303374
vn 0.42913 0.8905181 -0.1510793
vn 0.2160313 0.9511241 -0.2206657
vn -0.1476051 0.8905181 0.4303374
vn -0.2160313 0.9511241 -0.2206657
vn -0.42913 0.8905181 0.1510793
vn -0.42913 0.8905181 -0.1510793
vn -0.0009775171 0.2864125 -0.9581059
vn -0.0009775171 0.2864125 -0.9581059
vn -0.0009775171 0.6500489 -0.7598918
vn -0.0009775171 0.6500489 -0.7598918
vn 0.8572825 0.3607038 0.3673683
vn 0.368524 0.3607038 0.8567863
vn 0.42913 0.8905181 0.1510793
vn 0.1476051 0.8905181 0.4303374
vn 0.7067448 0.0009775171 -0.7074679
vn 0.9237537 0.0009775171 -0.3829859
vn 0.6539589 0.3822092 -0.6528812
vn 0.8572825 0.3607038 -0.3673683
vn -0.0009775171 0.0009775171 -0.999999
vn -0.0009775171 0.0009775171 -0.999999
vn -0.0009775171 0.2864125 -0.9581059
vn -0.0009775171 0.2864125 -0.9581059
vn -0.7067448 0.0009775171 -0.7074679
vn -0.6539589 0.3822092 -0.6528812
vn -0.9237537 0.0009775171 -0.3829859
vn -0.8572825 0.3607038 -0.3673683
vn -0.0009775166 -0.9999995 0
vn -0.0009775166 -0.9999995 0
vn -0.0009775166 -0.9999995 0
vn -0.0009775166 -0.9999995 0
vn -0.0009775166 -0.9999995 0
vn -0.0009775166 -0.9999995 0
vn -0.0009775166 -0.9999995 0
vn -0.0009775166 -0.9999995 0
vn -0.0009775166 -0.9999995 0
vn -0.0009775166 -0.9999995 0
vn 0.7067448 0.0009775171 0.7074679
vn 0.3822092 0.0009775171 0.9240753
vn 0.8572825 0.3607038 0.3673683
vn 0.368524 0.3607038 0.8567863
vn -0.3822092 0.0009775171 0.9240753
vn -0.368524 0.3607038 0.8567863
vn 0.3822092 0.0009775171 0.9240753
vn 0.368524 0.3607038 0.8567863
vn -0.7067448 0.0009775171 0.7074679
vn -0.8572825 0.3607038 0.3673683
vn -0.3822092 0.0009775171 0.9240753
vn -0.368524 0.3607038 0.8567863
vn -0.0009775171 -0.7067448 0.7074679
vn -0.0009775171 -0.2492669 0.9684343
vn -0.0009775171 -0.7067448 0.7074679
vn -0.0009775171 -0.2492669 0.9684343
vn -0.0009775171 -0.7067448 -0.7074679
vn -0.0009775171 -0.7067448 -0.7074679
vn -0.0009775171 -0.3822092 -0.9240753
vn -0.0009775171 -0.3822092 -0.9240753
vn -0.0009775166 -0.9999995 0
vn -0.0009775171 -0.7067448 -0.7074679
vn -0.0009775166 -0.9999995 0
vn -0.0009775171 -0.7067448 -0.7074679
vn -0.0009775171 -0.7067448 0.7074679
vn -0.0009775166 -0.9999995 0
vn -0.0009775171 -0.7067448 0.7074679
vn -0.0009775166 -0.9999995 0
vn -0.9237537 0.0009775171 -0.3829859
vn -0.8572825 0.3607038 -0.3673683
vn -0.9999995 0.0009775166 0
vn -0.8572825 0.3607038 0.3673683
vn -0.9999995 0.0009775166 0
vn -0.9999995 0.0009775166 0
vn -0.9999995 0.0009775166 0
vn -0.9999995 0.0009775166 0
vn -0.9999995 0.0009775166 0
vn -0.0009775171 -0.2492669 0.9684343
vn -0.0009775171 -0.1104594 0.9938802
vn -0.0009775171 -0.2492669 0.9684343
vn -0.0009775171 -0.1104594 0.9938802
vn -0.0009775166 0.9999995 0
vn -0.0009775166 0.9999995 0
vn -0.311828 0.9491691 -0.04291045
vn -0.311828 0.9491691 -0.04291045
vn -0.0009775166 -0.9999995 0
vn -0.0009775166 -0.9999995 0
vn -0.0009775166 -0.9999995 0
vn -0.0009775166 -0.9999995 0
vn -0.311828 0.9491691 -0.04291045
vn -0.311828 0.9491691 -0.04291045
vn -0.6050831 0.5112414 -0.6103332
vn -0.6050831 0.5112414 0.6103332
vn -0.7262952 -0.01857283 -0.6871319
vn -0.6050831 0.5112414 -0.6103332
vn -0.7262952 -0.01857283 0.6871319
vn -0.6050831 0.5112414 0.6103332
vn 0.7047898 -0.08504399 -0.7043003
vn 0.7047898 -0.08504399 0.7043003
vn 0.6950147 0.1827957 -0.6953707
vn 0.6950147 0.1827957 0.6953707
vn -0.7262952 -0.01857283 -0.6871319
vn -0.7262952 -0.01857283 0.6871319
vn -0.6578691 -0.3665689 -0.6579024
vn -0.6578691 -0.3665689 0.6579024
vn -0.6578691 -0.3665689 -0.6579024
vn 0.6578691 -0.3665689 -0.6579024
vn -0.7262952 -0.01857283 -0.6871319
vn 0.7047898 -0.08504399 -0.7043003
vn 0.6578691 -0.3665689 0.6579024
vn -0.6578691 -0.3665689 0.6579024
vn 0.7047898 -0.08504399 0.7043003
vn -0.7262952 -0.01857283 0.6871319
vn -0.7262952 -0.01857283 -0.6871319
vn 0.7047898 -0.08504399 -0.7043003
vn -0.6050831 0.5112414 -0.6103332
vn 0.6950147 0.1827957 -0.6953707
vn -0.0009775171 0.1300098 -0.9915122
vn 0.7047898 -0.08504399 -0.7043003
vn 0.6578691 -0.3665689 -0.6579024
vn 0.7047898 -0.08504399 0.7043003
vn 0.6578691 -0.3665689 0.6579024
vn 0.7047898 -0.08504399 0.7043003
vn -0.7262952 -0.01857283 0.6871319
vn 0.6950147 0.1827957 0.6953707
vn -0.6050831 0.5112414 0.6103332
vn -0.0009775171 0.1300098 0.9915122
vn -0.0009775166 -0.9999995 0
vn -0.0009775166 -0.9999995 0
vn -0.0009775166 -0.9999995 0
vn -0.0009775166 -0.9999995 0
vn -0.7047898 -0.08504399 -0.7043003
vn -0.6950147 0.1827957 -0.6953707
vn -0.7047898 -0.08504399 0.7043003
vn -0.6950147 0.1827957 0.6953707
vn 0.6578691 -0.3665689 0.6579024
vn -0.6578691 -0.3665689 0.6579024
vn 0.7262952 -0.01857283 0.6871319
vn -0.7047898 -0.08504399 0.7043003
vn -0.7047898 -0.08504399 -0.7043003
vn -0.7047898 -0.08504399 0.7043003
vn -0.6578691 -0.3665689 -0.6579024
vn -0.6578691 -0.3665689 0.6579024
vn -0.6578691 -0.3665689 -0.6579024
vn 0.6578691 -0.3665689 -0.6579024
vn -0.7047898 -0.08504399 -0.7043003
vn 0.7262952 -0.01857283 -0.6871319
vn 0.7262952 -0.01857283 -0.6871319
vn 0.6578691 -0.3665689 -0.6579024
vn 0.7262952 -0.01857283 0.6871319
vn 0.6578691 -0.3665689 0.6579024
vn 0.311828 0.9491691 -0.04291045
vn 0.311828 0.9491691 -0.04291045
vn -0.0009775166 0.9999995 0
vn -0.0009775166 0.9999995 0
vn -0.7047898 -0.08504399 -0.7043003
vn 0.7262952 -0.01857283 -0.6871319
vn -0.6950147 0.1827957 -0.6953707
vn 0.6050831 0.5112414 -0.6103332
vn -0.0009775171 0.1300098 -0.9915122
vn 0.7262952 -0.01857283 0.6871319
vn -0.7047898 -0.08504399 0.7043003
vn 0.6050831 0.5112414 0.6103332
vn -0.6950147 0.1827957 0.6953707
vn -0.0009775171 0.1300098 0.9915122
vn 0.7262952 -0.01857283 -0.6871319
vn 0.7262952 -0.01857283 0.6871319
vn 0.6050831 0.5112414 -0.6103332
vn 0.6050831 0.5112414 0.6103332
vn 0.6050831 0.5112414 -0.6103332
vn 0.6050831 0.5112414 0.6103332
vn 0.311828 0.9491691 -0.04291045
vn 0.311828 0.9491691 -0.04291045
vn -0.1476051 0.8905181 0.4303374
vn -0.368524 0.3607038 0.8567863
vn -0.42913 0.8905181 0.1510793
vn -0.8572825 0.3607038 0.3673683
vn -0.368524 0.3607038 0.8567863
vn -0.1476051 0.8905181 0.4303374
vn 0.368524 0.3607038 0.8567863
vn 0.1476051 0.8905181 0.4303374
vn 0.8572825 0.3607038 0.3673683
vn 0.368524 0.3607038 0.8567863
vn 0.42913 0.8905181 0.1510793
vn 0.1476051 0.8905181 0.4303374
vn -0.4916911 0.0009775171 0.8707691
vn -0.368524 0.3607038 0.8567863
vn 0.4916911 0.0009775171 0.8707691
vn 0.368524 0.3607038 0.8567863
vn 0.4897361 0.8709678 -0.03967041
vn 0.9209538 0.3896718 0
vn 0.42913 0.8905181 0.1510793
vn 0.8572825 0.3607038 0.3673683
vn 0.9999995 0.0009775166 0
vn 0.7947214 0.0009775171 0.6069736
vn 0.9209538 0.3896718 0
vn 0.8572825 0.3607038 0.3673683
vn 0.4897361 0.8709678 -0.03967041
vn 0.42913 0.8905181 0.1510793
vn -0.0009775166 0.9999995 0
vn 0.1476051 0.8905181 0.4303374
vn -0.0009775166 0.9999995 0
vn -0.1476051 0.8905181 0.4303374
vn -0.4897361 0.8709678 -0.03967041
vn -0.42913 0.8905181 0.1510793
vn -0.4897361 0.8709678 -0.03967041
vn -0.42913 0.8905181 0.1510793
vn -0.9209538 0.3896718 0
vn -0.8572825 0.3607038 0.3673683
vn -0.9999995 0.0009775166 0
vn -0.9209538 0.3896718 0
vn -0.7947214 0.0009775171 0.6069736
vn -0.8572825 0.3607038 0.3673683
vn 0.7947214 0.0009775171 0.6069736
vn 0.7067448 0.0009775171 0.7074679
vn 0.8572825 0.3607038 0.3673683
vn 0.368524 0.3607038 0.8567863
vn 0.4916911 0.0009775171 0.8707691
vn -0.7067448 0.0009775171 0.7074679
vn -0.7947214 0.0009775171 0.6069736
vn -0.4916911 0.0009775171 0.8707691
vn -0.8572825 0.3607038 0.3673683
vn -0.368524 0.3607038 0.8567863
vn 0 0 1
vn 0 0 1
vn 0 0 1
vn 0 0 1
vn 0 0 1
vn 0 0 1
vn 0 0 1
vn 0 0 1
vn 0 0 1
vn 0 0 1
vn 0 0 1
vn 0 0 1
vn 0 0 1
vn 0 0 1
vn 0 0 1
vn 0 0 1
vn 0 0 1
vn 0 0 1
vn 0 0 1
vn 0 0 1
vn 0 0 1
vn 0 0 1
vn 0 0 1
vn 0 0 1
vn 0 0 1
vn 0 0 1
vn 0 0 1
vn 0 0 1
vn 0 0 1
vn 0 0 1
vn 0 0 1
vn 0 0 1
vn 0 0 1
vn 0 0 1
f 905/905/905 904/904/904 903/903/903
f 908/908/908 907/907/907 906/906/906
f 911/911/911 910/910/910 909/909/909
f 914/914/914 913/913/913 912/912/912
f 917/917/917 916/916/916 915/915/915
f 916/916/916 917/917/917 918/918/918
f 918/918/918 917/917/917 919/919/919
f 919/919/919 917/917/917 920/920/920
f 919/919/919 920/920/920 921/921/921
f 921/921/921 920/920/920 922/922/922
f 925/925/925 924/924/924 923/923/923
f 924/924/924 925/925/925 926/926/926
f 926/926/926 925/925/925 927/927/927
f 930/930/930 929/929/929 928/928/928
f 929/929/929 930/930/930 931/931/931
f 929/929/929 931/931/931 932/932/932
f 935/935/935 934/934/934 933/933/933
f 934/934/934 935/935/935 936/936/936
f 934/934/934 936/936/936 937/937/937
f 934/934/934 937/937/937 938/938/938
f 941/941/941 940/940/940 939/939/939
f 940/940/940 941/941/941 942/942/942
f 945/945/945 944/944/944 943/943/943
f 944/944/944 945/945/945 946/946/946
f 949/949/949 948/948/948 947/947/947
f 948/948/948 949/949/949 950/950/950
f 953/953/953 952/952/952 951/951/951
f 952/952/952 953/953/953 954/954/954
f 954/954/954 953/953/953 955/955/955
f 958/958/958 957/957/957 956/956/956
f 957/957/957 958/958/958 959/959/959
f 959/959/959 958/958/958 960/960/960
f 959/959/959 960/960/960 961/961/961
f 961/961/961 960/960/960 962/962/962
f 961/961/961 962/962/962 963/963/963
f 966/966/966 965/965/965 964/964/964
f 965/965/965 966/966/966 967/967/967
f 970/970/970 969/969/969 968/968/968
f 969/969/969 970/970/970 971/971/971
f 971/971/971 970/970/970 972/972/972
f 971/971/971 972/972/972 973/973/973
f 976/976/976 975/975/975 974/974/974
f 975/975/975 976/976/976 977/977/977
f 980/980/980 979/979/979 978/978/978
f 979/979/979 980/980/980 981/981/981
f 979/979/979 981/981/981 982/982/982
f 985/985/985 984/984/984 983/983/983
f 984/984/984 985/985/985 986/986/986
f 989/989/989 988/988/988 987/987/987
f 988/988/988 989/989/989 990/990/990
f 993/993/993 992/992/992 991/991/991
f 992/992/992 993/993/993 994/994/994
f 997/997/997 996/996/996 995/995/995
f 996/996/996 997/997/997 998/998/998
f 1001/1001/1001 1000/1000/1000 999/999/999
f 1000/1000/1000 1001/1001/1001 1002/1002/1002
f 1005/1005/1005 1004/1004/1004 1003/1003/1003
f 1004/1004/1004 1005/1005/1005 1006/1006/1006
f 1009/1009/1009 1008/1008/1008 1007/1007/1007
f 1008/1008/1008 1009/1009/1009 1010/1010/1010
f 1008/1008/1008 1010/1010/1010 1011/1011/1011
f 1011/1011/1011 1010/1010/1010 1012/1012/1012
f 1011/1011/1011 1012/1012/1012 1013/1013/1013
f 1013/1013/1013 1012/1012/1012 1014/1014/1014
f 1017/1017/1017 1016/1016/1016 1015/1015/1015
f 1016/1016/1016 1017/1017/1017 1018/1018/1018
f 1021/1021/1021 1020/1020/1020 1019/1019/1019
f 1020/1020/1020 1021/1021/1021 1022/1022/1022
f 1025/1025/1025 1024/1024/1024 1023/1023/1023
f 1024/1024/1024 1025/1025/1025 1026/1026/1026
f 1029/1029/1029 1028/1028/1028 1027/1027/1027
f 1028/1028/1028 1029/1029/1029 1030/1030/1030
f 1033/1033/1033 1032/1032/1032 1031/1031/1031
f 1032/1032/1032 1033/1033/1033 1034/1034/1034
f 1037/1037/1037 1036/1036/1036 1035/1035/1035
f 1036/1036/1036 1037/1037/1037 1038/1038/1038
f 1041/1041/1041 1040/1040/1040 1039/1039/1039
f 1040/1040/1040 1041/1041/1041 1042/1042/1042
f 1042/1042/1042 1041/1041/1041 1043/1043/1043
f 1042/1042/1042 1043/1043/1043 1044/1044/1044
f 1044/1044/1044 1043/1043/1043 1045/1045/1045
f 1044/1044/1044 1045/1045/1045 1046/1046/1046
f 1049/1049/1049 1048/1048/1048 1047/1047/1047
f 1048/1048/1048 1049/1049/1049 1050/1050/1050
f 1053/1053/1053 1052/1052/1052 1051/1051/1051
f 1052/1052/1052 1053/1053/1053 1054/1054/1054
f 1057/1057/1057 1056/1056/1056 1055/1055/1055
f 1056/1056/1056 1057/1057/1057 1058/1058/1058
f 1061/1061/1061 1060/1060/1060 1059/1059/1059
f 1060/1060/1060 1061/1061/1061 1062/1062/1062
f 1065/1065/1065 1064/1064/1064 1063/1063/1063
f 1064/1064/1064 1065/1065/1065 1066/1066/1066
f 1064/1064/1064 1066/1066/1066 1067/1067/1067
f 1067/1067/1067 1066/1066/1066 1068/1068/1068
f 1067/1067/1067 1068/1068/1068 1069/1069/1069
f 1067/1067/1067 1069/1069/1069 1070/1070/1070
f 1073/1073/1073 1072/1072/1072 1071/1071/1071
f 1072/1072/1072 1073/1073/1073 1074/1074/1074
f 1077/1077/1077 1076/1076/1076 1075/1075/1075
f 1076/1076/1076 1077/1077/1077 1078/1078/1078
f 1081/1081/1081 1080/1080/1080 1079/1079/1079
f 1080/1080/1080 1081/1081/1081 1082/1082/1082
f 1085/1085/1085 1084/1084/1084 1083/1083/1083
f 1084/1084/1084 1085/1085/1085 1086/1086/1086
f 1089/1089/1089 1088/1088/1088 1087/1087/1087
f 1088/1088/1088 1089/1089/1089 1090/1090/1090
f 1093/1093/1093 1092/1092/1092 1091/1091/1091
f 1092/1092/1092 1093/1093/1093 1094/1094/1094
f 1097/1097/1097 1096/1096/1096 1095/1095/1095
f 1096/1096/1096 1097/1097/1097 1098/1098/1098
f 1101/1101/1101 1100/1100/1100 1099/1099/1099
f 1100/1100/1100 1101/1101/1101 1102/1102/1102
f 1102/1102/1102 1101/1101/1101 1103/1103/1103
f 1102/1102/1102 1103/1103/1103 1104/1104/1104
f 1104/1104/1104 1103/1103/1103 1105/1105/1105
f 1104/1104/1104 1105/1105/1105 1106/1106/1106
f 1109/1109/1109 1108/1108/1108 1107/1107/1107
f 1108/1108/1108 1109/1109/1109 1110/1110/1110
f 1113/1113/1113 1112/1112/1112 1111/1111/1111
f 1112/1112/1112 1113/1113/1113 1114/1114/1114
f 1117/1117/1117 1116/1116/1116 1115/1115/1115
f 1116/1116/1116 1117/1117/1117 1118/1118/1118
f 1121/1121/1121 1120/1120/1120 1119/1119/1119
f 1120/1120/1120 1121/1121/1121 1122/1122/1122
f 1125/1125/1125 1124/1124/1124 1123/1123/1123
f 1124/1124/1124 1125/1125/1125 1126/1126/1126
f 1126/1126/1126 1125/1125/1125 1127/1127/1127
f 1127/1127/1127 1125/1125/1125 1128/1128/1128
f 1128/1128/1128 1125/1125/1125 1129/1129/1129
f 1129/1129/1129 1125/1125/1125 1130/1130/1130
f 1130/1130/1130 1125/1125/1125 1131/1131/1131
f 1134/1134/1134 1133/1133/1133 1132/1132/1132
f 1133/1133/1133 1134/1134/1134 1135/1135/1135
f 1138/1138/1138 1137/1137/1137 1136/1136/1136
f 1137/1137/1137 1138/1138/1138 1139/1139/1139
f 1142/1142/1142 1141/1141/1141 1140/1140/1140
f 1141/1141/1141 1142/1142/1142 1143/1143/1143
f 1146/1146/1146 1145/1145/1145 1144/1144/1144
f 1145/1145/1145 1146/1146/1146 1147/1147/1147
f 1150/1150/1150 1149/1149/1149 1148/1148/1148
f 1149/1149/1149 1150/1150/1150 1151/1151/1151
f 1154/1154/1154 1153/1153/1153 1152/1152/1152
f 1153/1153/1153 1154/1154/1154 1155/1155/1155
f 1158/1158/1158 1157/1157/1157 1156/1156/1156
f 1157/1157/1157 1158/1158/1158 1159/1159/1159
f 1157/1157/1157 1159/1159/1159 1160/1160/1160
f 1160/1160/1160 1159/1159/1159 1161/1161/1161
f 1160/1160/1160 1161/1161/1161 1162/1162/1162
f 1162/1162/1162 1161/1161/1161 1163/1163/1163
f 1166/1166/1166 1165/1165/1165 1164/1164/1164
f 1165/1165/1165 1166/1166/1166 1167/1167/1167
f 1170/1170/1170 1169/1169/1169 1168/1168/1168
f 1169/1169/1169 1170/1170/1170 1171/1171/1171
f 1174/1174/1174 1173/1173/1173 1172/1172/1172
f 1173/1173/1173 1174/1174/1174 1175/1175/1175
f 1178/1178/1178 1177/1177/1177 1176/1176/1176
f 1177/1177/1177 1178/1178/1178 1179/1179/1179
f 1182/1182/1182 1181/1181/1181 1180/1180/1180
f 1181/1181/1181 1182/1182/1182 1183/1183/1183
f 1186/1186/1186 1185/1185/1185 1184/1184/1184
f 1185/1185/1185 1186/1186/1186 1187/1187/1187
f 1187/1187/1187 1186/1186/1186 1188/1188/1188
f 1188/1188/1188 1186/1186/1186 1189/1189/1189
f 1192/1192/1192 1191/1191/1191 1190/1190/1190
f 1191/1191/1191 1192/1192/1192 1193/1193/1193
f 1196/1196/1196 1195/1195/1195 1194/1194/1194
f 1195/1195/1195 1196/1196/1196 1197/1197/1197
f 1200/1200/1200 1199/1199/1199 1198/1198/1198
f 1199/1199/1199 1200/1200/1200 1201/1201/1201
f 1204/1204/1204 1203/1203/1203 1202/1202/1202
f 1203/1203/1203 1204/1204/1204 1205/1205/1205
f 1208/1208/1208 1207/1207/1207 1206/1206/1206
f 1207/1207/1207 1208/1208/1208 1209/1209/1209
f 1212/1212/1212 1211/1211/1211 1210/1210/1210
f 1211/1211/1211 1212/1212/1212 1213/1213/1213
f 1216/1216/1216 1215/1215/1215 1214/1214/1214
f 1215/1215/1215 1216/1216/1216 1217/1217/1217
f 1220/1220/1220 1219/1219/1219 1218/1218/1218
f 1219/1219/1219 1220/1220/1220 1221/1221/1221
f 1224/1224/1224 1223/1223/1223 1222/1222/1222
f 1223/1223/1223 1224/1224/1224 1225/1225/1225
f 1225/1225/1225 1224/1224/1224 1226/1226/1226
f 1225/1225/1225 1226/1226/1226 1227/1227/1227
f 1225/1225/1225 1227/1227/1227 1228/1228/1228
f 1225/1225/1225 1228/1228/1228 1229/1229/1229
f 1225/1225/1225 1229/1229/1229 1230/1230/1230
f 1233/1233/1233 1232/1232/1232 1231/1231/1231
f 1232/1232/1232 1233/1233/1233 1234/1234/1234
f 1237/1237/1237 1236/1236/1236 1235/1235/1235
f 1236/1236/1236 1237/1237/1237 1238/1238/1238
f 1241/1241/1241 1240/1240/1240 1239/1239/1239
f 1240/1240/1240 1241/1241/1241 1242/1242/1242
f 1245/1245/1245 1244/1244/1244 1243/1243/1243
f 1244/1244/1244 1245/1245/1245 1246/1246/1246
f 1249/1249/1249 1248/1248/1248 1247/1247/1247
f 1248/1248/1248 1249/1249/1249 1250/1250/1250
f 1253/1253/1253 1252/1252/1252 1251/1251/1251
f 1252/1252/1252 1253/1253/1253 1254/1254/1254
f 1257/1257/1257 1256/1256/1256 1255/1255/1255
f 1256/1256/1256 1257/1257/1257 1258/1258/1258
f 1261/1261/1261 1260/1260/1260 1259/1259/1259
f 1260/1260/1260 1261/1261/1261 1262/1262/1262
f 1265/1265/1265 1264/1264/1264 1263/1263/1263
f 1264/1264/1264 1265/1265/1265 1266/1266/1266
f 1269/1269/1269 1268/1268/1268 1267/1267/1267
f 1268/1268/1268 1269/1269/1269 1270/1270/1270
f 1270/1270/1270 1269/1269/1269 1271/1271/1271
f 1274/1274/1274 1273/1273/1273 1272/1272/1272
f 1273/1273/1273 1274/1274/1274 1275/1275/1275
f 1278/1278/1278 1277/1277/1277 1276/1276/1276
f 1277/1277/1277 1278/1278/1278 1279/1279/1279
f 1279/1279/1279 1278/1278/1278 1280/1280/1280
f 1283/1283/1283 1282/1282/1282 1281/1281/1281
f 1282/1282/1282 1283/1283/1283 1284/1284/1284
f 1287/1287/1287 1286/1286/1286 1285/1285/1285
f 1286/1286/1286 1287/1287/1287 1288/1288/1288
f 1291/1291/1291 1290/1290/1290 1289/1289/1289
f 1290/1290/1290 1291/1291/1291 1292/1292/1292
f 1295/1295/1295 1294/1294/1294 1293/1293/1293
f 1294/1294/1294 1295/1295/1295 1296/1296/1296
f 1299/1299/1299 1298/1298/1298 1297/1297/1297
f 1298/1298/1298 1299/1299/1299 1300/1300/1300
f 1303/1303/1303 1302/1302/1302 1301/1301/1301
f 1302/1302/1302 1303/1303/1303 1304/1304/1304
f 1307/1307/1307 1306/1306/1306 1305/1305/1305
f 1306/1306/1306 1307/1307/1307 1308/1308/1308
f 1311/1311/1311 1310/1310/1310 1309/1309/1309
f 1310/1310/1310 1311/1311/1311 1312/1312/1312
f 1312/1312/1312 1311/1311/1311 1313/1313/1313
f 1316/1316/1316 1315/1315/1315 1314/1314/1314
f 1315/1315/1315 1316/1316/1316 1317/1317/1317
f 1317/1317/1317 1316/1316/1316 1318/1318/1318
f 1321/1321/1321 1320/1320/1320 1319/1319/1319
f 1320/1320/1320 1321/1321/1321 1322/1322/1322
f 1325/1325/1325 1324/1324/1324 1323/1323/1323
f 1324/1324/1324 1325/1325/1325 1326/1326/1326
f 1329/1329/1329 1328/1328/1328 1327/1327/1327
f 1328/1328/1328 1329/1329/1329 1330/1330/1330
f 1333/1333/1333 1332/1332/1332 1331/1331/1331
f 1332/1332/1332 1333/1333/1333 1334/1334/1334
f 1337/1337/1337 1336/1336/1336 1335/1335/1335
f 1336/1336/1336 1337/1337/1337 1338/1338/1338
f 1341/1341/1341 1340/1340/1340 1339/1339/1339
f 1340/1340/1340 1341/1341/1341 1342/1342/1342
f 1345/1345/1345 1344/1344/1344 1343/1343/1343
f 1344/1344/1344 1345/1345/1345 1346/1346/1346
f 1349/1349/1349 1348/1348/1348 1347/1347/1347
f 1348/1348/1348 1349/1349/1349 1350/1350/1350
f 1353/1353/1353 1352/1352/1352 1351/1351/1351
f 1352/1352/1352 1353/1353/1353 1354/1354/1354
f 1354/1354/1354 1353/1353/1353 1355/1355/1355
f 1354/1354/1354 1355/1355/1355 1356/1356/1356
f 1356/1356/1356 1355/1355/1355 1357/1357/1357
f 1356/1356/1356 1357/1357/1357 1358/1358/1358
f 1361/1361/1361 1360/1360/1360 1359/1359/1359
f 1360/1360/1360 1361/1361/1361 1362/1362/1362
f 1365/1365/1365 1364/1364/1364 1363/1363/1363
f 1364/1364/1364 1365/1365/1365 1366/1366/1366
f 1369/1369/1369 1368/1368/1368 1367/1367/1367
f 1368/1368/1368 1369/1369/1369 1370/1370/1370
f 1368/1368/1368 1370/1370/1370 1371/1371/1371
f 1374/1374/1374 1373/1373/1373 1372/1372/1372
f 1373/1373/1373 1374/1374/1374 1375/1375/1375
f 1375/1375/1375 1374/1374/1374 1376/1376/1376
f 1379/1379/1379 1378/1378/1378 1377/1377/1377
f 1378/1378/1378 1379/1379/1379 1380/1380/1380
f 1380/1380/1380 1379/1379/1379 1381/1381/1381
f 1380/1380/1380 1381/1381/1381 1382/1382/1382
f 1382/1382/1382 1381/1381/1381 1383/1383/1383
f 1384/1384/1384 1380/1380/1380 1382/1382/1382
f 1380/1380/1380 1384/1384/1384 1385/1385/1385
f 1385/1385/1385 1384/1384/1384 1386/1386/1386
f 1389/1389/1389 1388/1388/1388 1387/1387/1387
f 1390/1390/1390 1388/1388/1388 1389/1389/1389
f 1388/1388/1388 1390/1390/1390 1391/1391/1391
f 1390/1390/1390 1389/1389/1389 1392/1392/1392
f 1390/1390/1390 1392/1392/1392 1393/1393/1393
f 1393/1393/1393 1392/1392/1392 1394/1394/1394
f 1397/1397/1397 1396/1396/1396 1395/1395/1395
f 1398/1398/1398 1396/1396/1396 1397/1397/1397
f 1396/1396/1396 1398/1398/1398 1399/1399/1399
f 1398/1398/1398 1397/1397/1397 1400/1400/1400
f 1398/1398/1398 1400/1400/1400 1401/1401/1401
f 1401/1401/1401 1400/1400/1400 1402/1402/1402
f 1405/1405/1405 1404/1404/1404 1403/1403/1403
f 1404/1404/1404 1405/1405/1405 1406/1406/1406
f 1409/1409/1409 1408/1408/1408 1407/1407/1407
f 1408/1408/1408 1409/1409/1409 1410/1410/1410
